Workbook

Sheet Tabelle1
A1: Indexfeld | B1: Begriff | C1: Anzahl | D1: Thesaurusbegriff01 | E1: Thesaurusbegriff02 | F1: Thesaurusbegriff03 | G1: Thesaurusbegriff04 | H1: Thesaurusbegriff05 | I1: Thesaurusbegriff06 | J1: Thesaurusbegriff07 | K1: Thesaurusbegriff08 | L1: Thesaurusbegriff09 | M1: Thesaurusbegriff10 | N1: Thesaurusbegriff11 | O1: Thesaurusbegriff12 | P1: Thesaurusbegriff13 | Q1: Thesaurusbegriff14 | R1: Thesaurusbegriff15 | S1: Notation01 | T1: Notation02 | U1: Notation03 | V1: Notation04 | W1: Notation05 | X1: Notation06 | Y1: Notation07 | Z1: Notation08 | AA1: Notation09 | AB1: Notation10 | AC1: Notation11 | AD1: Notation12 | AE1: Notation13 | AF1: Notation14 | AG1: Notation15
A2: 5240 | B2: alla greca | D2: Einband alla greca | E2: Fester Einband | F2: Heftung auf versenkte Bünde | G2: Holz (Deckel) | H2: Leder (Bezug) | S2: =IF(D2="","",INDEX(Tabelle2!$A$2:$C$241,MATCH(D2,Tabelle2!$C$2:$C$241,0),1)) -> BNDG-X699 | T2: =IF(E2="","",INDEX(Tabelle2!$A$2:$C$241,MATCH(E2,Tabelle2!$C$2:$C$241,0),1)) -> BNDG-A532 | U2: =IF(F2="","",INDEX(Tabelle2!$A$2:$C$241,MATCH(F2,Tabelle2!$C$2:$C$241,0),1)) -> BNDG-B118 | V2: =IF(G2="","",INDEX(Tabelle2!$A$2:$C$241,MATCH(G2,Tabelle2!$C$2:$C$241,0),1)) -> BNDG-D174 | W2: =IF(H2="","",INDEX(Tabelle2!$A$2:$C$241,MATCH(H2,Tabelle2!$C$2:$C$241,0),1)) -> BNDG-E702 | X2: =IF(I2="","",INDEX(Tabelle2!$A$2:$C$241,MATCH(I2,Tabelle2!$C$2:$C$241,0),1)) | Y2: =IF(J2="","",INDEX(Tabelle2!$A$2:$C$241,MATCH(J2,Tabelle2!$C$2:$C$241,0),1)) | Z2: =IF(K2="","",INDEX(Tabelle2!$A$2:$C$241,MATCH(K2,Tabelle2!$C$2:$C$241,0),1)) | ... AG2: =IF(R2="","",INDEX(Tabelle2!$A$2:$C$241,MATCH(R2,Tabelle2!$C$2:$C$241,0),1))
A3: 5240 | B3: Arabeskeneinband | D3: Einband vorhanden | E3: Verzierung vorhanden | S3: =IF(D3="","",INDEX(Tabelle2!$A$2:$C$241,MATCH(D3,Tabelle2!$C$2:$C$241,0),1)) -> BNDG-A239 | T3: =IF(E3="","",INDEX(Tabelle2!$A$2:$C$241,MATCH(E3,Tabelle2!$C$2:$C$241,0),1)) -> BNDG-G607 | U3: =IF(F3="","",INDEX(Tabelle2!$A$2:$C$241,MATCH(F3,Tabelle2!$C$2:$C$241,0),1)) | V3: =IF(G3="","",INDEX(Tabelle2!$A$2:$C$241,MATCH(G3,Tabelle2!$C$2:$C$241,0),1)) | W3: =IF(H3="","",INDEX(Tabelle2!$A$2:$C$241,MATCH(H3,Tabelle2!$C$2:$C$241,0),1)) | X3: =IF(I3="","",INDEX(Tabelle2!$A$2:$C$241,MATCH(I3,Tabelle2!$C$2:$C$241,0),1)) | Y3: =IF(J3="","",INDEX(Tabelle2!$A$2:$C$241,MATCH(J3,Tabelle2!$C$2:$C$241,0),1)) | Z3: =IF(K3="","",INDEX(Tabelle2!$A$2:$C$241,MATCH(K3,Tabelle2!$C$2:$C$241,0),1)) | ... AG3: =IF(R3="","",INDEX(Tabelle2!$A$2:$C$241,MATCH(R3,Tabelle2!$C$2:$C$241,0),1))
A4: 5240 | B4: Barockeinband | D4: Einband vorhanden | S4: =IF(D4="","",INDEX(Tabelle2!$A$2:$C$241,MATCH(D4,Tabelle2!$C$2:$C$241,0),1)) -> BNDG-A239 | T4: =IF(E4="","",INDEX(Tabelle2!$A$2:$C$241,MATCH(E4,Tabelle2!$C$2:$C$241,0),1)) | U4: =IF(F4="","",INDEX(Tabelle2!$A$2:$C$241,MATCH(F4,Tabelle2!$C$2:$C$241,0),1)) | V4: =IF(G4="","",INDEX(Tabelle2!$A$2:$C$241,MATCH(G4,Tabelle2!$C$2:$C$241,0),1)) | W4: =IF(H4="","",INDEX(Tabelle2!$A$2:$C$241,MATCH(H4,Tabelle2!$C$2:$C$241,0),1)) | X4: =IF(I4="","",INDEX(Tabelle2!$A$2:$C$241,MATCH(I4,Tabelle2!$C$2:$C$241,0),1)) | Y4: =IF(J4="","",INDEX(Tabelle2!$A$2:$C$241,MATCH(J4,Tabelle2!$C$2:$C$241,0),1)) | Z4: =IF(K4="","",INDEX(Tabelle2!$A$2:$C$241,MATCH(K4,Tabelle2!$C$2:$C$241,0),1)) | ... AG4: =IF(R4="","",INDEX(Tabelle2!$A$2:$C$241,MATCH(R4,Tabelle2!$C$2:$C$241,0),1))
A5: 5240 | B5: Barock-Einband | C5: 6 | D5: Einband vorhanden | S5: =IF(D5="","",INDEX(Tabelle2!$A$2:$C$241,MATCH(D5,Tabelle2!$C$2:$C$241,0),1)) -> BNDG-A239 | T5: =IF(E5="","",INDEX(Tabelle2!$A$2:$C$241,MATCH(E5,Tabelle2!$C$2:$C$241,0),1)) | U5: =IF(F5="","",INDEX(Tabelle2!$A$2:$C$241,MATCH(F5,Tabelle2!$C$2:$C$241,0),1)) | V5: =IF(G5="","",INDEX(Tabelle2!$A$2:$C$241,MATCH(G5,Tabelle2!$C$2:$C$241,0),1)) | W5: =IF(H5="","",INDEX(Tabelle2!$A$2:$C$241,MATCH(H5,Tabelle2!$C$2:$C$241,0),1)) | X5: =IF(I5="","",INDEX(Tabelle2!$A$2:$C$241,MATCH(I5,Tabelle2!$C$2:$C$241,0),1)) | Y5: =IF(J5="","",INDEX(Tabelle2!$A$2:$C$241,MATCH(J5,Tabelle2!$C$2:$C$241,0),1)) | Z5: =IF(K5="","",INDEX(Tabelle2!$A$2:$C$241,MATCH(K5,Tabelle2!$C$2:$C$241,0),1)) | ... AG5: =IF(R5="","",INDEX(Tabelle2!$A$2:$C$241,MATCH(R5,Tabelle2!$C$2:$C$241,0),1))
A6: 5240 | B6: Barockeinband | C6: 6 | D6: Einband vorhanden | S6: =IF(D6="","",INDEX(Tabelle2!$A$2:$C$241,MATCH(D6,Tabelle2!$C$2:$C$241,0),1)) -> BNDG-A239 | T6: =IF(E6="","",INDEX(Tabelle2!$A$2:$C$241,MATCH(E6,Tabelle2!$C$2:$C$241,0),1)) | U6: =IF(F6="","",INDEX(Tabelle2!$A$2:$C$241,MATCH(F6,Tabelle2!$C$2:$C$241,0),1)) | V6: =IF(G6="","",INDEX(Tabelle2!$A$2:$C$241,MATCH(G6,Tabelle2!$C$2:$C$241,0),1)) | W6: =IF(H6="","",INDEX(Tabelle2!$A$2:$C$241,MATCH(H6,Tabelle2!$C$2:$C$241,0),1)) | X6: =IF(I6="","",INDEX(Tabelle2!$A$2:$C$241,MATCH(I6,Tabelle2!$C$2:$C$241,0),1)) | Y6: =IF(J6="","",INDEX(Tabelle2!$A$2:$C$241,MATCH(J6,Tabelle2!$C$2:$C$241,0),1)) | Z6: =IF(K6="","",INDEX(Tabelle2!$A$2:$C$241,MATCH(K6,Tabelle2!$C$2:$C$241,0),1)) | ... AG6: =IF(R6="","",INDEX(Tabelle2!$A$2:$C$241,MATCH(R6,Tabelle2!$C$2:$C$241,0),1))
A7: 5240 | B7: Barockeinband / moderner Einband | D7: Einband vorhanden | S7: =IF(D7="","",INDEX(Tabelle2!$A$2:$C$241,MATCH(D7,Tabelle2!$C$2:$C$241,0),1)) -> BNDG-A239 | T7: =IF(E7="","",INDEX(Tabelle2!$A$2:$C$241,MATCH(E7,Tabelle2!$C$2:$C$241,0),1)) | U7: =IF(F7="","",INDEX(Tabelle2!$A$2:$C$241,MATCH(F7,Tabelle2!$C$2:$C$241,0),1)) | V7: =IF(G7="","",INDEX(Tabelle2!$A$2:$C$241,MATCH(G7,Tabelle2!$C$2:$C$241,0),1)) | W7: =IF(H7="","",INDEX(Tabelle2!$A$2:$C$241,MATCH(H7,Tabelle2!$C$2:$C$241,0),1)) | X7: =IF(I7="","",INDEX(Tabelle2!$A$2:$C$241,MATCH(I7,Tabelle2!$C$2:$C$241,0),1)) | Y7: =IF(J7="","",INDEX(Tabelle2!$A$2:$C$241,MATCH(J7,Tabelle2!$C$2:$C$241,0),1)) | Z7: =IF(K7="","",INDEX(Tabelle2!$A$2:$C$241,MATCH(K7,Tabelle2!$C$2:$C$241,0),1)) | ... AG7: =IF(R7="","",INDEX(Tabelle2!$A$2:$C$241,MATCH(R7,Tabelle2!$C$2:$C$241,0),1))
A8: 5240 | B8: Barockeinband mit Einzel- und Rollenstempeln | C8: 2 | D8: Blindprägeeinband | E8: Fester Einband ohne Klappe | F8: Heftung | G8: Leder (Bezug) | H8: Bezug vorhanden | I8: Einzelstempel (Blindprägung) | J8: Rolle (Blindprägung) | S8: =IF(D8="","",INDEX(Tabelle2!$A$2:$C$241,MATCH(D8,Tabelle2!$C$2:$C$241,0),1)) -> BNDG-X717 | T8: =IF(E8="","",INDEX(Tabelle2!$A$2:$C$241,MATCH(E8,Tabelle2!$C$2:$C$241,0),1)) -> BNDG-A206 | U8: =IF(F8="","",INDEX(Tabelle2!$A$2:$C$241,MATCH(F8,Tabelle2!$C$2:$C$241,0),1)) -> BNDG-B859 | V8: =IF(G8="","",INDEX(Tabelle2!$A$2:$C$241,MATCH(G8,Tabelle2!$C$2:$C$241,0),1)) -> BNDG-E702 | W8: =IF(H8="","",INDEX(Tabelle2!$A$2:$C$241,MATCH(H8,Tabelle2!$C$2:$C$241,0),1)) -> BNDG-F468 | X8: =IF(I8="","",INDEX(Tabelle2!$A$2:$C$241,MATCH(I8,Tabelle2!$C$2:$C$241,0),1)) -> BNDG-G882 | Y8: =IF(J8="","",INDEX(Tabelle2!$A$2:$C$241,MATCH(J8,Tabelle2!$C$2:$C$241,0),1)) -> BNDG-G525 | Z8: =IF(K8="","",INDEX(Tabelle2!$A$2:$C$241,MATCH(K8,Tabelle2!$C$2:$C$241,0),1)) | ... AG8: =IF(R8="","",INDEX(Tabelle2!$A$2:$C$241,MATCH(R8,Tabelle2!$C$2:$C$241,0),1))
A9: 5240 | B9: Bemalter Einband | C9: 1 | D9: Einband vorhanden | E9: Bemalung | S9: =IF(D9="","",INDEX(Tabelle2!$A$2:$C$241,MATCH(D9,Tabelle2!$C$2:$C$241,0),1)) -> BNDG-A239 | T9: =IF(E9="","",INDEX(Tabelle2!$A$2:$C$241,MATCH(E9,Tabelle2!$C$2:$C$241,0),1)) -> BNDG-G948 | U9: =IF(F9="","",INDEX(Tabelle2!$A$2:$C$241,MATCH(F9,Tabelle2!$C$2:$C$241,0),1)) | V9: =IF(G9="","",INDEX(Tabelle2!$A$2:$C$241,MATCH(G9,Tabelle2!$C$2:$C$241,0),1)) | W9: =IF(H9="","",INDEX(Tabelle2!$A$2:$C$241,MATCH(H9,Tabelle2!$C$2:$C$241,0),1)) | X9: =IF(I9="","",INDEX(Tabelle2!$A$2:$C$241,MATCH(I9,Tabelle2!$C$2:$C$241,0),1)) | Y9: =IF(J9="","",INDEX(Tabelle2!$A$2:$C$241,MATCH(J9,Tabelle2!$C$2:$C$241,0),1)) | Z9: =IF(K9="","",INDEX(Tabelle2!$A$2:$C$241,MATCH(K9,Tabelle2!$C$2:$C$241,0),1)) | ... AG9: =IF(R9="","",INDEX(Tabelle2!$A$2:$C$241,MATCH(R9,Tabelle2!$C$2:$C$241,0),1))
A10: 5240 | B10: Beschläge | C10: 1 | D10: Beschlag vorhanden | S10: =IF(D10="","",INDEX(Tabelle2!$A$2:$C$241,MATCH(D10,Tabelle2!$C$2:$C$241,0),1)) -> BNDG-M340 | T10: =IF(E10="","",INDEX(Tabelle2!$A$2:$C$241,MATCH(E10,Tabelle2!$C$2:$C$241,0),1)) | U10: =IF(F10="","",INDEX(Tabelle2!$A$2:$C$241,MATCH(F10,Tabelle2!$C$2:$C$241,0),1)) | V10: =IF(G10="","",INDEX(Tabelle2!$A$2:$C$241,MATCH(G10,Tabelle2!$C$2:$C$241,0),1)) | W10: =IF(H10="","",INDEX(Tabelle2!$A$2:$C$241,MATCH(H10,Tabelle2!$C$2:$C$241,0),1)) | X10: =IF(I10="","",INDEX(Tabelle2!$A$2:$C$241,MATCH(I10,Tabelle2!$C$2:$C$241,0),1)) | Y10: =IF(J10="","",INDEX(Tabelle2!$A$2:$C$241,MATCH(J10,Tabelle2!$C$2:$C$241,0),1)) | Z10: =IF(K10="","",INDEX(Tabelle2!$A$2:$C$241,MATCH(K10,Tabelle2!$C$2:$C$241,0),1)) | ... AG10: =IF(R10="","",INDEX(Tabelle2!$A$2:$C$241,MATCH(R10,Tabelle2!$C$2:$C$241,0),1))
A11: 5240 | B11: besorgter spätgotischer Holzdeckeleinband, teilweise mit braunem Leder bezogen | C11: 1 | D11: Holzdeckeleinband | E11: Fester Einband | F11: Heftung auf Bünde | G11: Holz (Deckel) | H11: Teilweise bezogen | I11: Leder (Bezug) | S11: =IF(D11="","",INDEX(Tabelle2!$A$2:$C$241,MATCH(D11,Tabelle2!$C$2:$C$241,0),1)) -> BNDG-X831 | T11: =IF(E11="","",INDEX(Tabelle2!$A$2:$C$241,MATCH(E11,Tabelle2!$C$2:$C$241,0),1)) -> BNDG-A532 | U11: =IF(F11="","",INDEX(Tabelle2!$A$2:$C$241,MATCH(F11,Tabelle2!$C$2:$C$241,0),1)) -> BNDG-B726 | V11: =IF(G11="","",INDEX(Tabelle2!$A$2:$C$241,MATCH(G11,Tabelle2!$C$2:$C$241,0),1)) -> BNDG-D174 | W11: =IF(H11="","",INDEX(Tabelle2!$A$2:$C$241,MATCH(H11,Tabelle2!$C$2:$C$241,0),1)) -> BNDG-F682 | X11: =IF(I11="","",INDEX(Tabelle2!$A$2:$C$241,MATCH(I11,Tabelle2!$C$2:$C$241,0),1)) -> BNDG-E702 | Y11: =IF(J11="","",INDEX(Tabelle2!$A$2:$C$241,MATCH(J11,Tabelle2!$C$2:$C$241,0),1)) | Z11: =IF(K11="","",INDEX(Tabelle2!$A$2:$C$241,MATCH(K11,Tabelle2!$C$2:$C$241,0),1)) | ... AG11: =IF(R11="","",INDEX(Tabelle2!$A$2:$C$241,MATCH(R11,Tabelle2!$C$2:$C$241,0),1))
A12: 5240 | B12: Beutelbuch | C12: 8 | D12: Beutelbuch | E12: Fester Einband ohne Klappe | F12: Heftung | G12: Holz (Deckel) | H12: Leder (Bezug) | I12: Bezug vorhanden | J12: Bezug über die Kanten hinaus verlängert | S12: =IF(D12="","",INDEX(Tabelle2!$A$2:$C$241,MATCH(D12,Tabelle2!$C$2:$C$241,0),1)) -> BNDG-X774 | T12: =IF(E12="","",INDEX(Tabelle2!$A$2:$C$241,MATCH(E12,Tabelle2!$C$2:$C$241,0),1)) -> BNDG-A206 | U12: =IF(F12="","",INDEX(Tabelle2!$A$2:$C$241,MATCH(F12,Tabelle2!$C$2:$C$241,0),1)) -> BNDG-B859 | V12: =IF(G12="","",INDEX(Tabelle2!$A$2:$C$241,MATCH(G12,Tabelle2!$C$2:$C$241,0),1)) -> BNDG-D174 | W12: =IF(H12="","",INDEX(Tabelle2!$A$2:$C$241,MATCH(H12,Tabelle2!$C$2:$C$241,0),1)) -> BNDG-E702 | X12: =IF(I12="","",INDEX(Tabelle2!$A$2:$C$241,MATCH(I12,Tabelle2!$C$2:$C$241,0),1)) -> BNDG-F468 | Y12: =IF(J12="","",INDEX(Tabelle2!$A$2:$C$241,MATCH(J12,Tabelle2!$C$2:$C$241,0),1)) -> BNDG-F142 | Z12: =IF(K12="","",INDEX(Tabelle2!$A$2:$C$241,MATCH(K12,Tabelle2!$C$2:$C$241,0),1)) | ... AG12: =IF(R12="","",INDEX(Tabelle2!$A$2:$C$241,MATCH(R12,Tabelle2!$C$2:$C$241,0),1))
A13: 5240 | B13: Beutelbuch? | C13: 2 | D13: Einband vorhanden | S13: =IF(D13="","",INDEX(Tabelle2!$A$2:$C$241,MATCH(D13,Tabelle2!$C$2:$C$241,0),1)) -> BNDG-A239 | T13: =IF(E13="","",INDEX(Tabelle2!$A$2:$C$241,MATCH(E13,Tabelle2!$C$2:$C$241,0),1)) | U13: =IF(F13="","",INDEX(Tabelle2!$A$2:$C$241,MATCH(F13,Tabelle2!$C$2:$C$241,0),1)) | V13: =IF(G13="","",INDEX(Tabelle2!$A$2:$C$241,MATCH(G13,Tabelle2!$C$2:$C$241,0),1)) | W13: =IF(H13="","",INDEX(Tabelle2!$A$2:$C$241,MATCH(H13,Tabelle2!$C$2:$C$241,0),1)) | X13: =IF(I13="","",INDEX(Tabelle2!$A$2:$C$241,MATCH(I13,Tabelle2!$C$2:$C$241,0),1)) | Y13: =IF(J13="","",INDEX(Tabelle2!$A$2:$C$241,MATCH(J13,Tabelle2!$C$2:$C$241,0),1)) | Z13: =IF(K13="","",INDEX(Tabelle2!$A$2:$C$241,MATCH(K13,Tabelle2!$C$2:$C$241,0),1)) | ... AG13: =IF(R13="","",INDEX(Tabelle2!$A$2:$C$241,MATCH(R13,Tabelle2!$C$2:$C$241,0),1))
A14: 5240 | B14: Blindprägeband | C14: 2 | D14: Blindprägeeinband | E14: Fester Einband ohne Klappe | F14: Heftung | G14: Leder (Bezug) | H14: Bezug vorhanden | I14: Blindprägung | S14: =IF(D14="","",INDEX(Tabelle2!$A$2:$C$241,MATCH(D14,Tabelle2!$C$2:$C$241,0),1)) -> BNDG-X717 | T14: =IF(E14="","",INDEX(Tabelle2!$A$2:$C$241,MATCH(E14,Tabelle2!$C$2:$C$241,0),1)) -> BNDG-A206 | U14: =IF(F14="","",INDEX(Tabelle2!$A$2:$C$241,MATCH(F14,Tabelle2!$C$2:$C$241,0),1)) -> BNDG-B859 | V14: =IF(G14="","",INDEX(Tabelle2!$A$2:$C$241,MATCH(G14,Tabelle2!$C$2:$C$241,0),1)) -> BNDG-E702 | W14: =IF(H14="","",INDEX(Tabelle2!$A$2:$C$241,MATCH(H14,Tabelle2!$C$2:$C$241,0),1)) -> BNDG-F468 | X14: =IF(I14="","",INDEX(Tabelle2!$A$2:$C$241,MATCH(I14,Tabelle2!$C$2:$C$241,0),1)) -> BNDG-G747 | Y14: =IF(J14="","",INDEX(Tabelle2!$A$2:$C$241,MATCH(J14,Tabelle2!$C$2:$C$241,0),1)) | Z14: =IF(K14="","",INDEX(Tabelle2!$A$2:$C$241,MATCH(K14,Tabelle2!$C$2:$C$241,0),1)) | ... AG14: =IF(R14="","",INDEX(Tabelle2!$A$2:$C$241,MATCH(R14,Tabelle2!$C$2:$C$241,0),1))
A15: 5240 | B15: Blindstempel-Einband | C15: 1 | D15: Blindstempeleinband | E15: Fester Einband ohne Klappe | F15: Heftung | G15: Leder (Bezug) | H15: Bezug vorhanden | I15: Einzelstempel (Blindprägung) | S15: =IF(D15="","",INDEX(Tabelle2!$A$2:$C$241,MATCH(D15,Tabelle2!$C$2:$C$241,0),1)) -> BNDG-X986 | T15: =IF(E15="","",INDEX(Tabelle2!$A$2:$C$241,MATCH(E15,Tabelle2!$C$2:$C$241,0),1)) -> BNDG-A206 | U15: =IF(F15="","",INDEX(Tabelle2!$A$2:$C$241,MATCH(F15,Tabelle2!$C$2:$C$241,0),1)) -> BNDG-B859 | V15: =IF(G15="","",INDEX(Tabelle2!$A$2:$C$241,MATCH(G15,Tabelle2!$C$2:$C$241,0),1)) -> BNDG-E702 | W15: =IF(H15="","",INDEX(Tabelle2!$A$2:$C$241,MATCH(H15,Tabelle2!$C$2:$C$241,0),1)) -> BNDG-F468 | X15: =IF(I15="","",INDEX(Tabelle2!$A$2:$C$241,MATCH(I15,Tabelle2!$C$2:$C$241,0),1)) -> BNDG-G882 | Y15: =IF(J15="","",INDEX(Tabelle2!$A$2:$C$241,MATCH(J15,Tabelle2!$C$2:$C$241,0),1)) | Z15: =IF(K15="","",INDEX(Tabelle2!$A$2:$C$241,MATCH(K15,Tabelle2!$C$2:$C$241,0),1)) | ... AG15: =IF(R15="","",INDEX(Tabelle2!$A$2:$C$241,MATCH(R15,Tabelle2!$C$2:$C$241,0),1))
A16: 5240 | B16: Blindstempeleinband | C16: 9 | D16: Blindstempeleinband | E16: Fester Einband ohne Klappe | F16: Heftung | G16: Leder (Bezug) | H16: Bezug vorhanden | I16: Einzelstempel (Blindprägung) | S16: =IF(D16="","",INDEX(Tabelle2!$A$2:$C$241,MATCH(D16,Tabelle2!$C$2:$C$241,0),1)) -> BNDG-X986 | T16: =IF(E16="","",INDEX(Tabelle2!$A$2:$C$241,MATCH(E16,Tabelle2!$C$2:$C$241,0),1)) -> BNDG-A206 | U16: =IF(F16="","",INDEX(Tabelle2!$A$2:$C$241,MATCH(F16,Tabelle2!$C$2:$C$241,0),1)) -> BNDG-B859 | V16: =IF(G16="","",INDEX(Tabelle2!$A$2:$C$241,MATCH(G16,Tabelle2!$C$2:$C$241,0),1)) -> BNDG-E702 | W16: =IF(H16="","",INDEX(Tabelle2!$A$2:$C$241,MATCH(H16,Tabelle2!$C$2:$C$241,0),1)) -> BNDG-F468 | X16: =IF(I16="","",INDEX(Tabelle2!$A$2:$C$241,MATCH(I16,Tabelle2!$C$2:$C$241,0),1)) -> BNDG-G882 | Y16: =IF(J16="","",INDEX(Tabelle2!$A$2:$C$241,MATCH(J16,Tabelle2!$C$2:$C$241,0),1)) | Z16: =IF(K16="","",INDEX(Tabelle2!$A$2:$C$241,MATCH(K16,Tabelle2!$C$2:$C$241,0),1)) | ... AG16: =IF(R16="","",INDEX(Tabelle2!$A$2:$C$241,MATCH(R16,Tabelle2!$C$2:$C$241,0),1))
A17: 5240 | B17: Blindstempeleinband, spätgotisch, auf Holz | C17: 4 | D17: Blindstempeleinband | E17: Fester Einband ohne Klappe | F17: Heftung | G17: Leder (Bezug) | H17: Bezug vorhanden | I17: Einzelstempel (Blindprägung) | J17: Holz (Deckel) | S17: =IF(D17="","",INDEX(Tabelle2!$A$2:$C$241,MATCH(D17,Tabelle2!$C$2:$C$241,0),1)) -> BNDG-X986 | T17: =IF(E17="","",INDEX(Tabelle2!$A$2:$C$241,MATCH(E17,Tabelle2!$C$2:$C$241,0),1)) -> BNDG-A206 | U17: =IF(F17="","",INDEX(Tabelle2!$A$2:$C$241,MATCH(F17,Tabelle2!$C$2:$C$241,0),1)) -> BNDG-B859 | V17: =IF(G17="","",INDEX(Tabelle2!$A$2:$C$241,MATCH(G17,Tabelle2!$C$2:$C$241,0),1)) -> BNDG-E702 | W17: =IF(H17="","",INDEX(Tabelle2!$A$2:$C$241,MATCH(H17,Tabelle2!$C$2:$C$241,0),1)) -> BNDG-F468 | X17: =IF(I17="","",INDEX(Tabelle2!$A$2:$C$241,MATCH(I17,Tabelle2!$C$2:$C$241,0),1)) -> BNDG-G882 | Y17: =IF(J17="","",INDEX(Tabelle2!$A$2:$C$241,MATCH(J17,Tabelle2!$C$2:$C$241,0),1)) -> BNDG-D174 | Z17: =IF(K17="","",INDEX(Tabelle2!$A$2:$C$241,MATCH(K17,Tabelle2!$C$2:$C$241,0),1)) | ... AG17: =IF(R17="","",INDEX(Tabelle2!$A$2:$C$241,MATCH(R17,Tabelle2!$C$2:$C$241,0),1))
A18: 5240 | B18: Blindstempeleinband, spätmittelalterlich | C18: 1 | D18: Blindstempeleinband | E18: Fester Einband ohne Klappe | F18: Heftung | G18: Leder (Bezug) | H18: Bezug vorhanden | I18: Einzelstempel (Blindprägung) | J18: Holz (Deckel) | S18: =IF(D18="","",INDEX(Tabelle2!$A$2:$C$241,MATCH(D18,Tabelle2!$C$2:$C$241,0),1)) -> BNDG-X986 | T18: =IF(E18="","",INDEX(Tabelle2!$A$2:$C$241,MATCH(E18,Tabelle2!$C$2:$C$241,0),1)) -> BNDG-A206 | U18: =IF(F18="","",INDEX(Tabelle2!$A$2:$C$241,MATCH(F18,Tabelle2!$C$2:$C$241,0),1)) -> BNDG-B859 | V18: =IF(G18="","",INDEX(Tabelle2!$A$2:$C$241,MATCH(G18,Tabelle2!$C$2:$C$241,0),1)) -> BNDG-E702 | W18: =IF(H18="","",INDEX(Tabelle2!$A$2:$C$241,MATCH(H18,Tabelle2!$C$2:$C$241,0),1)) -> BNDG-F468 | X18: =IF(I18="","",INDEX(Tabelle2!$A$2:$C$241,MATCH(I18,Tabelle2!$C$2:$C$241,0),1)) -> BNDG-G882 | Y18: =IF(J18="","",INDEX(Tabelle2!$A$2:$C$241,MATCH(J18,Tabelle2!$C$2:$C$241,0),1)) -> BNDG-D174 | Z18: =IF(K18="","",INDEX(Tabelle2!$A$2:$C$241,MATCH(K18,Tabelle2!$C$2:$C$241,0),1)) | ... AG18: =IF(R18="","",INDEX(Tabelle2!$A$2:$C$241,MATCH(R18,Tabelle2!$C$2:$C$241,0),1))
A19: 5240 | B19: Blindstempeleinband, spätmittelalterlich, braun, auf Holz | C19: 1 | D19: Blindstempeleinband | E19: Fester Einband ohne Klappe | F19: Heftung | G19: Leder (Bezug) | H19: Bezug vorhanden | I19: Einzelstempel (Blindprägung) | J19: Holz (Deckel) | S19: =IF(D19="","",INDEX(Tabelle2!$A$2:$C$241,MATCH(D19,Tabelle2!$C$2:$C$241,0),1)) -> BNDG-X986 | T19: =IF(E19="","",INDEX(Tabelle2!$A$2:$C$241,MATCH(E19,Tabelle2!$C$2:$C$241,0),1)) -> BNDG-A206 | U19: =IF(F19="","",INDEX(Tabelle2!$A$2:$C$241,MATCH(F19,Tabelle2!$C$2:$C$241,0),1)) -> BNDG-B859 | V19: =IF(G19="","",INDEX(Tabelle2!$A$2:$C$241,MATCH(G19,Tabelle2!$C$2:$C$241,0),1)) -> BNDG-E702 | W19: =IF(H19="","",INDEX(Tabelle2!$A$2:$C$241,MATCH(H19,Tabelle2!$C$2:$C$241,0),1)) -> BNDG-F468 | X19: =IF(I19="","",INDEX(Tabelle2!$A$2:$C$241,MATCH(I19,Tabelle2!$C$2:$C$241,0),1)) -> BNDG-G882 | Y19: =IF(J19="","",INDEX(Tabelle2!$A$2:$C$241,MATCH(J19,Tabelle2!$C$2:$C$241,0),1)) -> BNDG-D174 | Z19: =IF(K19="","",INDEX(Tabelle2!$A$2:$C$241,MATCH(K19,Tabelle2!$C$2:$C$241,0),1)) | ... AG19: =IF(R19="","",INDEX(Tabelle2!$A$2:$C$241,MATCH(R19,Tabelle2!$C$2:$C$241,0),1))
A20: 5240 | B20: Brauner Lederband | C20: 1 | D20: Einband vorhanden | E20: Leder (Bezug) | S20: =IF(D20="","",INDEX(Tabelle2!$A$2:$C$241,MATCH(D20,Tabelle2!$C$2:$C$241,0),1)) -> BNDG-A239 | T20: =IF(E20="","",INDEX(Tabelle2!$A$2:$C$241,MATCH(E20,Tabelle2!$C$2:$C$241,0),1)) -> BNDG-E702 | U20: =IF(F20="","",INDEX(Tabelle2!$A$2:$C$241,MATCH(F20,Tabelle2!$C$2:$C$241,0),1)) | V20: =IF(G20="","",INDEX(Tabelle2!$A$2:$C$241,MATCH(G20,Tabelle2!$C$2:$C$241,0),1)) | W20: =IF(H20="","",INDEX(Tabelle2!$A$2:$C$241,MATCH(H20,Tabelle2!$C$2:$C$241,0),1)) | X20: =IF(I20="","",INDEX(Tabelle2!$A$2:$C$241,MATCH(I20,Tabelle2!$C$2:$C$241,0),1)) | Y20: =IF(J20="","",INDEX(Tabelle2!$A$2:$C$241,MATCH(J20,Tabelle2!$C$2:$C$241,0),1)) | Z20: =IF(K20="","",INDEX(Tabelle2!$A$2:$C$241,MATCH(K20,Tabelle2!$C$2:$C$241,0),1)) | ... AG20: =IF(R20="","",INDEX(Tabelle2!$A$2:$C$241,MATCH(R20,Tabelle2!$C$2:$C$241,0),1))
A21: 5240 | B21: Brauner Ledereinband auf Holzdeckeln, Byzantinische Technik | C21: 1 | D21: Einband byzantinischen Typs | E21: Fester Einband | F21: Heftung auf versenkte Bünde | G21: Holz (Deckel) | H21: Leder (Bezug) | I21: Bezug vorhanden | S21: =IF(D21="","",INDEX(Tabelle2!$A$2:$C$241,MATCH(D21,Tabelle2!$C$2:$C$241,0),1)) -> BNDG-X463 | T21: =IF(E21="","",INDEX(Tabelle2!$A$2:$C$241,MATCH(E21,Tabelle2!$C$2:$C$241,0),1)) -> BNDG-A532 | U21: =IF(F21="","",INDEX(Tabelle2!$A$2:$C$241,MATCH(F21,Tabelle2!$C$2:$C$241,0),1)) -> BNDG-B118 | V21: =IF(G21="","",INDEX(Tabelle2!$A$2:$C$241,MATCH(G21,Tabelle2!$C$2:$C$241,0),1)) -> BNDG-D174 | W21: =IF(H21="","",INDEX(Tabelle2!$A$2:$C$241,MATCH(H21,Tabelle2!$C$2:$C$241,0),1)) -> BNDG-E702 | X21: =IF(I21="","",INDEX(Tabelle2!$A$2:$C$241,MATCH(I21,Tabelle2!$C$2:$C$241,0),1)) -> BNDG-F468 | Y21: =IF(J21="","",INDEX(Tabelle2!$A$2:$C$241,MATCH(J21,Tabelle2!$C$2:$C$241,0),1)) | Z21: =IF(K21="","",INDEX(Tabelle2!$A$2:$C$241,MATCH(K21,Tabelle2!$C$2:$C$241,0),1)) | ... AG21: =IF(R21="","",INDEX(Tabelle2!$A$2:$C$241,MATCH(R21,Tabelle2!$C$2:$C$241,0),1))
A22: 5240 | B22: Brauner Ledereinband auf Pappe | C22: 3 | D22: Pappband | E22: Fester Einband | F22: Pappe (Deckel) | G22: Leder (Bezug) | H22: Bezug vorhanden | S22: =IF(D22="","",INDEX(Tabelle2!$A$2:$C$241,MATCH(D22,Tabelle2!$C$2:$C$241,0),1)) -> BNDG-X514 | T22: =IF(E22="","",INDEX(Tabelle2!$A$2:$C$241,MATCH(E22,Tabelle2!$C$2:$C$241,0),1)) -> BNDG-A532 | U22: =IF(F22="","",INDEX(Tabelle2!$A$2:$C$241,MATCH(F22,Tabelle2!$C$2:$C$241,0),1)) -> BNDG-D235 | V22: =IF(G22="","",INDEX(Tabelle2!$A$2:$C$241,MATCH(G22,Tabelle2!$C$2:$C$241,0),1)) -> BNDG-E702 | W22: =IF(H22="","",INDEX(Tabelle2!$A$2:$C$241,MATCH(H22,Tabelle2!$C$2:$C$241,0),1)) -> BNDG-F468 | X22: =IF(I22="","",INDEX(Tabelle2!$A$2:$C$241,MATCH(I22,Tabelle2!$C$2:$C$241,0),1)) | Y22: =IF(J22="","",INDEX(Tabelle2!$A$2:$C$241,MATCH(J22,Tabelle2!$C$2:$C$241,0),1)) | Z22: =IF(K22="","",INDEX(Tabelle2!$A$2:$C$241,MATCH(K22,Tabelle2!$C$2:$C$241,0),1)) | ... AG22: =IF(R22="","",INDEX(Tabelle2!$A$2:$C$241,MATCH(R22,Tabelle2!$C$2:$C$241,0),1))
A23: 5240 | B23: Brauner Ledereinband auf Pappe in der Art eines alla greca-Bandes, aber nicht sehr gelungen | C23: 1 | D23: Pappband | E23: Fester Einband | F23: Pappe (Deckel) | G23: Leder (Bezug) | H23: Heftung auf versenkte Bünde | I23: Bezug vorhanden | S23: =IF(D23="","",INDEX(Tabelle2!$A$2:$C$241,MATCH(D23,Tabelle2!$C$2:$C$241,0),1)) -> BNDG-X514 | T23: =IF(E23="","",INDEX(Tabelle2!$A$2:$C$241,MATCH(E23,Tabelle2!$C$2:$C$241,0),1)) -> BNDG-A532 | U23: =IF(F23="","",INDEX(Tabelle2!$A$2:$C$241,MATCH(F23,Tabelle2!$C$2:$C$241,0),1)) -> BNDG-D235 | V23: =IF(G23="","",INDEX(Tabelle2!$A$2:$C$241,MATCH(G23,Tabelle2!$C$2:$C$241,0),1)) -> BNDG-E702 | W23: =IF(H23="","",INDEX(Tabelle2!$A$2:$C$241,MATCH(H23,Tabelle2!$C$2:$C$241,0),1)) -> BNDG-B118 | X23: =IF(I23="","",INDEX(Tabelle2!$A$2:$C$241,MATCH(I23,Tabelle2!$C$2:$C$241,0),1)) -> BNDG-F468 | Y23: =IF(J23="","",INDEX(Tabelle2!$A$2:$C$241,MATCH(J23,Tabelle2!$C$2:$C$241,0),1)) | Z23: =IF(K23="","",INDEX(Tabelle2!$A$2:$C$241,MATCH(K23,Tabelle2!$C$2:$C$241,0),1)) | ... AG23: =IF(R23="","",INDEX(Tabelle2!$A$2:$C$241,MATCH(R23,Tabelle2!$C$2:$C$241,0),1))
A24: 5240 | B24: Brauner Wildledereinband (auf Pappe) | C24: 1 | D24: Pappband | E24: Fester Einband | F24: Pappe (Deckel) | G24: Rauleder (Bezug) | H24: Bezug vorhanden | S24: =IF(D24="","",INDEX(Tabelle2!$A$2:$C$241,MATCH(D24,Tabelle2!$C$2:$C$241,0),1)) -> BNDG-X514 | T24: =IF(E24="","",INDEX(Tabelle2!$A$2:$C$241,MATCH(E24,Tabelle2!$C$2:$C$241,0),1)) -> BNDG-A532 | U24: =IF(F24="","",INDEX(Tabelle2!$A$2:$C$241,MATCH(F24,Tabelle2!$C$2:$C$241,0),1)) -> BNDG-D235 | V24: =IF(G24="","",INDEX(Tabelle2!$A$2:$C$241,MATCH(G24,Tabelle2!$C$2:$C$241,0),1)) -> BNDG-E672 | W24: =IF(H24="","",INDEX(Tabelle2!$A$2:$C$241,MATCH(H24,Tabelle2!$C$2:$C$241,0),1)) -> BNDG-F468 | X24: =IF(I24="","",INDEX(Tabelle2!$A$2:$C$241,MATCH(I24,Tabelle2!$C$2:$C$241,0),1)) | Y24: =IF(J24="","",INDEX(Tabelle2!$A$2:$C$241,MATCH(J24,Tabelle2!$C$2:$C$241,0),1)) | Z24: =IF(K24="","",INDEX(Tabelle2!$A$2:$C$241,MATCH(K24,Tabelle2!$C$2:$C$241,0),1)) | ... AG24: =IF(R24="","",INDEX(Tabelle2!$A$2:$C$241,MATCH(R24,Tabelle2!$C$2:$C$241,0),1))
A25: 5240 | B25: Broschur | C25: 21 | D25: Broschur | E25: Flexibler Einband | F25: Heftung auf Band | S25: =IF(D25="","",INDEX(Tabelle2!$A$2:$C$241,MATCH(D25,Tabelle2!$C$2:$C$241,0),1)) -> BNDG-X434 | T25: =IF(E25="","",INDEX(Tabelle2!$A$2:$C$241,MATCH(E25,Tabelle2!$C$2:$C$241,0),1)) -> BNDG-A507 | U25: =IF(F25="","",INDEX(Tabelle2!$A$2:$C$241,MATCH(F25,Tabelle2!$C$2:$C$241,0),1)) -> BNDG-B783 | V25: =IF(G25="","",INDEX(Tabelle2!$A$2:$C$241,MATCH(G25,Tabelle2!$C$2:$C$241,0),1)) | W25: =IF(H25="","",INDEX(Tabelle2!$A$2:$C$241,MATCH(H25,Tabelle2!$C$2:$C$241,0),1)) | X25: =IF(I25="","",INDEX(Tabelle2!$A$2:$C$241,MATCH(I25,Tabelle2!$C$2:$C$241,0),1)) | Y25: =IF(J25="","",INDEX(Tabelle2!$A$2:$C$241,MATCH(J25,Tabelle2!$C$2:$C$241,0),1)) | Z25: =IF(K25="","",INDEX(Tabelle2!$A$2:$C$241,MATCH(K25,Tabelle2!$C$2:$C$241,0),1)) | ... AG25: =IF(R25="","",INDEX(Tabelle2!$A$2:$C$241,MATCH(R25,Tabelle2!$C$2:$C$241,0),1))
A26: 5240 | B26: Broschur (Heft 1) | C26: 12 | D26: Broschur | E26: Flexibler Einband | F26: Heftung auf Band | S26: =IF(D26="","",INDEX(Tabelle2!$A$2:$C$241,MATCH(D26,Tabelle2!$C$2:$C$241,0),1)) -> BNDG-X434 | T26: =IF(E26="","",INDEX(Tabelle2!$A$2:$C$241,MATCH(E26,Tabelle2!$C$2:$C$241,0),1)) -> BNDG-A507 | U26: =IF(F26="","",INDEX(Tabelle2!$A$2:$C$241,MATCH(F26,Tabelle2!$C$2:$C$241,0),1)) -> BNDG-B783 | V26: =IF(G26="","",INDEX(Tabelle2!$A$2:$C$241,MATCH(G26,Tabelle2!$C$2:$C$241,0),1)) | W26: =IF(H26="","",INDEX(Tabelle2!$A$2:$C$241,MATCH(H26,Tabelle2!$C$2:$C$241,0),1)) | X26: =IF(I26="","",INDEX(Tabelle2!$A$2:$C$241,MATCH(I26,Tabelle2!$C$2:$C$241,0),1)) | Y26: =IF(J26="","",INDEX(Tabelle2!$A$2:$C$241,MATCH(J26,Tabelle2!$C$2:$C$241,0),1)) | Z26: =IF(K26="","",INDEX(Tabelle2!$A$2:$C$241,MATCH(K26,Tabelle2!$C$2:$C$241,0),1)) | ... AG26: =IF(R26="","",INDEX(Tabelle2!$A$2:$C$241,MATCH(R26,Tabelle2!$C$2:$C$241,0),1))
A27: 5240 | B27: Buchblock, gebunden, im Schuber | C27: 1 | D27: Heftung | S27: =IF(D27="","",INDEX(Tabelle2!$A$2:$C$241,MATCH(D27,Tabelle2!$C$2:$C$241,0),1)) -> BNDG-B859 | T27: =IF(E27="","",INDEX(Tabelle2!$A$2:$C$241,MATCH(E27,Tabelle2!$C$2:$C$241,0),1)) | U27: =IF(F27="","",INDEX(Tabelle2!$A$2:$C$241,MATCH(F27,Tabelle2!$C$2:$C$241,0),1)) | V27: =IF(G27="","",INDEX(Tabelle2!$A$2:$C$241,MATCH(G27,Tabelle2!$C$2:$C$241,0),1)) | W27: =IF(H27="","",INDEX(Tabelle2!$A$2:$C$241,MATCH(H27,Tabelle2!$C$2:$C$241,0),1)) | X27: =IF(I27="","",INDEX(Tabelle2!$A$2:$C$241,MATCH(I27,Tabelle2!$C$2:$C$241,0),1)) | Y27: =IF(J27="","",INDEX(Tabelle2!$A$2:$C$241,MATCH(J27,Tabelle2!$C$2:$C$241,0),1)) | Z27: =IF(K27="","",INDEX(Tabelle2!$A$2:$C$241,MATCH(K27,Tabelle2!$C$2:$C$241,0),1)) | ... AG27: =IF(R27="","",INDEX(Tabelle2!$A$2:$C$241,MATCH(R27,Tabelle2!$C$2:$C$241,0),1))
A28: 5240 | B28: Buchblock, mittelalterlich gebunden, mit Rücken, ohne Decke, im neuzeitlichen Pappschuber | C28: 1 | D28: Einband entfernt (mit Resten eines ursprünglichen Einbands) | S28: =IF(D28="","",INDEX(Tabelle2!$A$2:$C$241,MATCH(D28,Tabelle2!$C$2:$C$241,0),1)) -> BNDG-A180 | T28: =IF(E28="","",INDEX(Tabelle2!$A$2:$C$241,MATCH(E28,Tabelle2!$C$2:$C$241,0),1)) | U28: =IF(F28="","",INDEX(Tabelle2!$A$2:$C$241,MATCH(F28,Tabelle2!$C$2:$C$241,0),1)) | V28: =IF(G28="","",INDEX(Tabelle2!$A$2:$C$241,MATCH(G28,Tabelle2!$C$2:$C$241,0),1)) | W28: =IF(H28="","",INDEX(Tabelle2!$A$2:$C$241,MATCH(H28,Tabelle2!$C$2:$C$241,0),1)) | X28: =IF(I28="","",INDEX(Tabelle2!$A$2:$C$241,MATCH(I28,Tabelle2!$C$2:$C$241,0),1)) | Y28: =IF(J28="","",INDEX(Tabelle2!$A$2:$C$241,MATCH(J28,Tabelle2!$C$2:$C$241,0),1)) | Z28: =IF(K28="","",INDEX(Tabelle2!$A$2:$C$241,MATCH(K28,Tabelle2!$C$2:$C$241,0),1)) | ... AG28: =IF(R28="","",INDEX(Tabelle2!$A$2:$C$241,MATCH(R28,Tabelle2!$C$2:$C$241,0),1))
A29: 5240 | B29: Buchkassette | C29: 1 | D29: Buchkasten | E29: Einband vorhanden | S29: =IF(D29="","",INDEX(Tabelle2!$A$2:$C$241,MATCH(D29,Tabelle2!$C$2:$C$241,0),1)) -> BNDG-X370 | T29: =IF(E29="","",INDEX(Tabelle2!$A$2:$C$241,MATCH(E29,Tabelle2!$C$2:$C$241,0),1)) -> BNDG-A239 | U29: =IF(F29="","",INDEX(Tabelle2!$A$2:$C$241,MATCH(F29,Tabelle2!$C$2:$C$241,0),1)) | V29: =IF(G29="","",INDEX(Tabelle2!$A$2:$C$241,MATCH(G29,Tabelle2!$C$2:$C$241,0),1)) | W29: =IF(H29="","",INDEX(Tabelle2!$A$2:$C$241,MATCH(H29,Tabelle2!$C$2:$C$241,0),1)) | X29: =IF(I29="","",INDEX(Tabelle2!$A$2:$C$241,MATCH(I29,Tabelle2!$C$2:$C$241,0),1)) | Y29: =IF(J29="","",INDEX(Tabelle2!$A$2:$C$241,MATCH(J29,Tabelle2!$C$2:$C$241,0),1)) | Z29: =IF(K29="","",INDEX(Tabelle2!$A$2:$C$241,MATCH(K29,Tabelle2!$C$2:$C$241,0),1)) | ... AG29: =IF(R29="","",INDEX(Tabelle2!$A$2:$C$241,MATCH(R29,Tabelle2!$C$2:$C$241,0),1))
A30: 5240 | B30: Buchkasten | C30: 1 | D30: Buchkasten | E30: Einband vorhanden | S30: =IF(D30="","",INDEX(Tabelle2!$A$2:$C$241,MATCH(D30,Tabelle2!$C$2:$C$241,0),1)) -> BNDG-X370 | T30: =IF(E30="","",INDEX(Tabelle2!$A$2:$C$241,MATCH(E30,Tabelle2!$C$2:$C$241,0),1)) -> BNDG-A239 | U30: =IF(F30="","",INDEX(Tabelle2!$A$2:$C$241,MATCH(F30,Tabelle2!$C$2:$C$241,0),1)) | V30: =IF(G30="","",INDEX(Tabelle2!$A$2:$C$241,MATCH(G30,Tabelle2!$C$2:$C$241,0),1)) | W30: =IF(H30="","",INDEX(Tabelle2!$A$2:$C$241,MATCH(H30,Tabelle2!$C$2:$C$241,0),1)) | X30: =IF(I30="","",INDEX(Tabelle2!$A$2:$C$241,MATCH(I30,Tabelle2!$C$2:$C$241,0),1)) | Y30: =IF(J30="","",INDEX(Tabelle2!$A$2:$C$241,MATCH(J30,Tabelle2!$C$2:$C$241,0),1)) | Z30: =IF(K30="","",INDEX(Tabelle2!$A$2:$C$241,MATCH(K30,Tabelle2!$C$2:$C$241,0),1)) | ... AG30: =IF(R30="","",INDEX(Tabelle2!$A$2:$C$241,MATCH(R30,Tabelle2!$C$2:$C$241,0),1))
A31: 5240 | B31: Buntpapiereinband | C31: 1 | D31: Einband vorhanden | E31: Buntpapier (Bezug) | F31: Bezug vorhanden | S31: =IF(D31="","",INDEX(Tabelle2!$A$2:$C$241,MATCH(D31,Tabelle2!$C$2:$C$241,0),1)) -> BNDG-A239 | T31: =IF(E31="","",INDEX(Tabelle2!$A$2:$C$241,MATCH(E31,Tabelle2!$C$2:$C$241,0),1)) -> BNDG-E851 | U31: =IF(F31="","",INDEX(Tabelle2!$A$2:$C$241,MATCH(F31,Tabelle2!$C$2:$C$241,0),1)) -> BNDG-F468 | V31: =IF(G31="","",INDEX(Tabelle2!$A$2:$C$241,MATCH(G31,Tabelle2!$C$2:$C$241,0),1)) | W31: =IF(H31="","",INDEX(Tabelle2!$A$2:$C$241,MATCH(H31,Tabelle2!$C$2:$C$241,0),1)) | X31: =IF(I31="","",INDEX(Tabelle2!$A$2:$C$241,MATCH(I31,Tabelle2!$C$2:$C$241,0),1)) | Y31: =IF(J31="","",INDEX(Tabelle2!$A$2:$C$241,MATCH(J31,Tabelle2!$C$2:$C$241,0),1)) | Z31: =IF(K31="","",INDEX(Tabelle2!$A$2:$C$241,MATCH(K31,Tabelle2!$C$2:$C$241,0),1)) | ... AG31: =IF(R31="","",INDEX(Tabelle2!$A$2:$C$241,MATCH(R31,Tabelle2!$C$2:$C$241,0),1))
A32: 5240 | B32: Byzantinischer Holzdeckeleinband | C32: 1 | D32: Byzantinischer Einband | E32: Fester Einband | F32: Heftung auf versenkte Bünde | G32: Holz (Deckel) | H32: Leder (Bezug) | I32: Bezug vorhanden | S32: =IF(D32="","",INDEX(Tabelle2!$A$2:$C$241,MATCH(D32,Tabelle2!$C$2:$C$241,0),1)) -> BNDG-X558 | T32: =IF(E32="","",INDEX(Tabelle2!$A$2:$C$241,MATCH(E32,Tabelle2!$C$2:$C$241,0),1)) -> BNDG-A532 | U32: =IF(F32="","",INDEX(Tabelle2!$A$2:$C$241,MATCH(F32,Tabelle2!$C$2:$C$241,0),1)) -> BNDG-B118 | V32: =IF(G32="","",INDEX(Tabelle2!$A$2:$C$241,MATCH(G32,Tabelle2!$C$2:$C$241,0),1)) -> BNDG-D174 | W32: =IF(H32="","",INDEX(Tabelle2!$A$2:$C$241,MATCH(H32,Tabelle2!$C$2:$C$241,0),1)) -> BNDG-E702 | X32: =IF(I32="","",INDEX(Tabelle2!$A$2:$C$241,MATCH(I32,Tabelle2!$C$2:$C$241,0),1)) -> BNDG-F468 | Y32: =IF(J32="","",INDEX(Tabelle2!$A$2:$C$241,MATCH(J32,Tabelle2!$C$2:$C$241,0),1)) | Z32: =IF(K32="","",INDEX(Tabelle2!$A$2:$C$241,MATCH(K32,Tabelle2!$C$2:$C$241,0),1)) | ... AG32: =IF(R32="","",INDEX(Tabelle2!$A$2:$C$241,MATCH(R32,Tabelle2!$C$2:$C$241,0),1))
A33: 5240 | B33: Copert | D33: Kopert | E33: Flexibler Einband mit Klappe | F33: Pergament (Deckel) | G33: Heftung | S33: =IF(D33="","",INDEX(Tabelle2!$A$2:$C$241,MATCH(D33,Tabelle2!$C$2:$C$241,0),1)) -> BNDG-X839 | T33: =IF(E33="","",INDEX(Tabelle2!$A$2:$C$241,MATCH(E33,Tabelle2!$C$2:$C$241,0),1)) -> BNDG-A960 | U33: =IF(F33="","",INDEX(Tabelle2!$A$2:$C$241,MATCH(F33,Tabelle2!$C$2:$C$241,0),1)) -> BNDG-D864 | V33: =IF(G33="","",INDEX(Tabelle2!$A$2:$C$241,MATCH(G33,Tabelle2!$C$2:$C$241,0),1)) -> BNDG-B859 | W33: =IF(H33="","",INDEX(Tabelle2!$A$2:$C$241,MATCH(H33,Tabelle2!$C$2:$C$241,0),1)) | X33: =IF(I33="","",INDEX(Tabelle2!$A$2:$C$241,MATCH(I33,Tabelle2!$C$2:$C$241,0),1)) | Y33: =IF(J33="","",INDEX(Tabelle2!$A$2:$C$241,MATCH(J33,Tabelle2!$C$2:$C$241,0),1)) | Z33: =IF(K33="","",INDEX(Tabelle2!$A$2:$C$241,MATCH(K33,Tabelle2!$C$2:$C$241,0),1)) | ... AG33: =IF(R33="","",INDEX(Tabelle2!$A$2:$C$241,MATCH(R33,Tabelle2!$C$2:$C$241,0),1))
A34: 5240 | B34: Dunkelbrauner Ledereinband auf Holzdeckeln, Byzantinische Technik | D34: Fester Einband | E34: Heftung auf versenkte Bünde | F34: Holz (Deckel) | G34: Leder (Bezug) | H34: Bezug vorhanden | I34: Einband byzantinischen Typs | S34: =IF(D34="","",INDEX(Tabelle2!$A$2:$C$241,MATCH(D34,Tabelle2!$C$2:$C$241,0),1)) -> BNDG-A532 | T34: =IF(E34="","",INDEX(Tabelle2!$A$2:$C$241,MATCH(E34,Tabelle2!$C$2:$C$241,0),1)) -> BNDG-B118 | U34: =IF(F34="","",INDEX(Tabelle2!$A$2:$C$241,MATCH(F34,Tabelle2!$C$2:$C$241,0),1)) -> BNDG-D174 | V34: =IF(G34="","",INDEX(Tabelle2!$A$2:$C$241,MATCH(G34,Tabelle2!$C$2:$C$241,0),1)) -> BNDG-E702 | W34: =IF(H34="","",INDEX(Tabelle2!$A$2:$C$241,MATCH(H34,Tabelle2!$C$2:$C$241,0),1)) -> BNDG-F468 | X34: =IF(I34="","",INDEX(Tabelle2!$A$2:$C$241,MATCH(I34,Tabelle2!$C$2:$C$241,0),1)) -> BNDG-X463 | Y34: =IF(J34="","",INDEX(Tabelle2!$A$2:$C$241,MATCH(J34,Tabelle2!$C$2:$C$241,0),1)) | Z34: =IF(K34="","",INDEX(Tabelle2!$A$2:$C$241,MATCH(K34,Tabelle2!$C$2:$C$241,0),1)) | ... AG34: =IF(R34="","",INDEX(Tabelle2!$A$2:$C$241,MATCH(R34,Tabelle2!$C$2:$C$241,0),1))
A35: 5240 | B35: Einband, hell | D35: Einband vorhanden | S35: =IF(D35="","",INDEX(Tabelle2!$A$2:$C$241,MATCH(D35,Tabelle2!$C$2:$C$241,0),1)) -> BNDG-A239 | T35: =IF(E35="","",INDEX(Tabelle2!$A$2:$C$241,MATCH(E35,Tabelle2!$C$2:$C$241,0),1)) | U35: =IF(F35="","",INDEX(Tabelle2!$A$2:$C$241,MATCH(F35,Tabelle2!$C$2:$C$241,0),1)) | V35: =IF(G35="","",INDEX(Tabelle2!$A$2:$C$241,MATCH(G35,Tabelle2!$C$2:$C$241,0),1)) | W35: =IF(H35="","",INDEX(Tabelle2!$A$2:$C$241,MATCH(H35,Tabelle2!$C$2:$C$241,0),1)) | X35: =IF(I35="","",INDEX(Tabelle2!$A$2:$C$241,MATCH(I35,Tabelle2!$C$2:$C$241,0),1)) | Y35: =IF(J35="","",INDEX(Tabelle2!$A$2:$C$241,MATCH(J35,Tabelle2!$C$2:$C$241,0),1)) | Z35: =IF(K35="","",INDEX(Tabelle2!$A$2:$C$241,MATCH(K35,Tabelle2!$C$2:$C$241,0),1)) | ... AG35: =IF(R35="","",INDEX(Tabelle2!$A$2:$C$241,MATCH(R35,Tabelle2!$C$2:$C$241,0),1))
A36: 5240 | B36: Einband, hellbraun | D36: Einband vorhanden | S36: =IF(D36="","",INDEX(Tabelle2!$A$2:$C$241,MATCH(D36,Tabelle2!$C$2:$C$241,0),1)) -> BNDG-A239 | T36: =IF(E36="","",INDEX(Tabelle2!$A$2:$C$241,MATCH(E36,Tabelle2!$C$2:$C$241,0),1)) | U36: =IF(F36="","",INDEX(Tabelle2!$A$2:$C$241,MATCH(F36,Tabelle2!$C$2:$C$241,0),1)) | V36: =IF(G36="","",INDEX(Tabelle2!$A$2:$C$241,MATCH(G36,Tabelle2!$C$2:$C$241,0),1)) | W36: =IF(H36="","",INDEX(Tabelle2!$A$2:$C$241,MATCH(H36,Tabelle2!$C$2:$C$241,0),1)) | X36: =IF(I36="","",INDEX(Tabelle2!$A$2:$C$241,MATCH(I36,Tabelle2!$C$2:$C$241,0),1)) | Y36: =IF(J36="","",INDEX(Tabelle2!$A$2:$C$241,MATCH(J36,Tabelle2!$C$2:$C$241,0),1)) | Z36: =IF(K36="","",INDEX(Tabelle2!$A$2:$C$241,MATCH(K36,Tabelle2!$C$2:$C$241,0),1)) | ... AG36: =IF(R36="","",INDEX(Tabelle2!$A$2:$C$241,MATCH(R36,Tabelle2!$C$2:$C$241,0),1))
A37: 5240 | B37: Einband, modern | D37: Einband vorhanden | S37: =IF(D37="","",INDEX(Tabelle2!$A$2:$C$241,MATCH(D37,Tabelle2!$C$2:$C$241,0),1)) -> BNDG-A239 | T37: =IF(E37="","",INDEX(Tabelle2!$A$2:$C$241,MATCH(E37,Tabelle2!$C$2:$C$241,0),1)) | U37: =IF(F37="","",INDEX(Tabelle2!$A$2:$C$241,MATCH(F37,Tabelle2!$C$2:$C$241,0),1)) | V37: =IF(G37="","",INDEX(Tabelle2!$A$2:$C$241,MATCH(G37,Tabelle2!$C$2:$C$241,0),1)) | W37: =IF(H37="","",INDEX(Tabelle2!$A$2:$C$241,MATCH(H37,Tabelle2!$C$2:$C$241,0),1)) | X37: =IF(I37="","",INDEX(Tabelle2!$A$2:$C$241,MATCH(I37,Tabelle2!$C$2:$C$241,0),1)) | Y37: =IF(J37="","",INDEX(Tabelle2!$A$2:$C$241,MATCH(J37,Tabelle2!$C$2:$C$241,0),1)) | Z37: =IF(K37="","",INDEX(Tabelle2!$A$2:$C$241,MATCH(K37,Tabelle2!$C$2:$C$241,0),1)) | ... AG37: =IF(R37="","",INDEX(Tabelle2!$A$2:$C$241,MATCH(R37,Tabelle2!$C$2:$C$241,0),1))
A38: 5240 | B38: Einband, ottonisch | D38: Einband vorhanden | S38: =IF(D38="","",INDEX(Tabelle2!$A$2:$C$241,MATCH(D38,Tabelle2!$C$2:$C$241,0),1)) -> BNDG-A239 | T38: =IF(E38="","",INDEX(Tabelle2!$A$2:$C$241,MATCH(E38,Tabelle2!$C$2:$C$241,0),1)) | U38: =IF(F38="","",INDEX(Tabelle2!$A$2:$C$241,MATCH(F38,Tabelle2!$C$2:$C$241,0),1)) | V38: =IF(G38="","",INDEX(Tabelle2!$A$2:$C$241,MATCH(G38,Tabelle2!$C$2:$C$241,0),1)) | W38: =IF(H38="","",INDEX(Tabelle2!$A$2:$C$241,MATCH(H38,Tabelle2!$C$2:$C$241,0),1)) | X38: =IF(I38="","",INDEX(Tabelle2!$A$2:$C$241,MATCH(I38,Tabelle2!$C$2:$C$241,0),1)) | Y38: =IF(J38="","",INDEX(Tabelle2!$A$2:$C$241,MATCH(J38,Tabelle2!$C$2:$C$241,0),1)) | Z38: =IF(K38="","",INDEX(Tabelle2!$A$2:$C$241,MATCH(K38,Tabelle2!$C$2:$C$241,0),1)) | ... AG38: =IF(R38="","",INDEX(Tabelle2!$A$2:$C$241,MATCH(R38,Tabelle2!$C$2:$C$241,0),1))
A39: 5240 | B39: Einband, spätgotisch | D39: Einband vorhanden | S39: =IF(D39="","",INDEX(Tabelle2!$A$2:$C$241,MATCH(D39,Tabelle2!$C$2:$C$241,0),1)) -> BNDG-A239 | T39: =IF(E39="","",INDEX(Tabelle2!$A$2:$C$241,MATCH(E39,Tabelle2!$C$2:$C$241,0),1)) | U39: =IF(F39="","",INDEX(Tabelle2!$A$2:$C$241,MATCH(F39,Tabelle2!$C$2:$C$241,0),1)) | V39: =IF(G39="","",INDEX(Tabelle2!$A$2:$C$241,MATCH(G39,Tabelle2!$C$2:$C$241,0),1)) | W39: =IF(H39="","",INDEX(Tabelle2!$A$2:$C$241,MATCH(H39,Tabelle2!$C$2:$C$241,0),1)) | X39: =IF(I39="","",INDEX(Tabelle2!$A$2:$C$241,MATCH(I39,Tabelle2!$C$2:$C$241,0),1)) | Y39: =IF(J39="","",INDEX(Tabelle2!$A$2:$C$241,MATCH(J39,Tabelle2!$C$2:$C$241,0),1)) | Z39: =IF(K39="","",INDEX(Tabelle2!$A$2:$C$241,MATCH(K39,Tabelle2!$C$2:$C$241,0),1)) | ... AG39: =IF(R39="","",INDEX(Tabelle2!$A$2:$C$241,MATCH(R39,Tabelle2!$C$2:$C$241,0),1))
A40: 5240 | B40: Einband, spätgotischer | D40: Einband vorhanden | S40: =IF(D40="","",INDEX(Tabelle2!$A$2:$C$241,MATCH(D40,Tabelle2!$C$2:$C$241,0),1)) -> BNDG-A239 | T40: =IF(E40="","",INDEX(Tabelle2!$A$2:$C$241,MATCH(E40,Tabelle2!$C$2:$C$241,0),1)) | U40: =IF(F40="","",INDEX(Tabelle2!$A$2:$C$241,MATCH(F40,Tabelle2!$C$2:$C$241,0),1)) | V40: =IF(G40="","",INDEX(Tabelle2!$A$2:$C$241,MATCH(G40,Tabelle2!$C$2:$C$241,0),1)) | W40: =IF(H40="","",INDEX(Tabelle2!$A$2:$C$241,MATCH(H40,Tabelle2!$C$2:$C$241,0),1)) | X40: =IF(I40="","",INDEX(Tabelle2!$A$2:$C$241,MATCH(I40,Tabelle2!$C$2:$C$241,0),1)) | Y40: =IF(J40="","",INDEX(Tabelle2!$A$2:$C$241,MATCH(J40,Tabelle2!$C$2:$C$241,0),1)) | Z40: =IF(K40="","",INDEX(Tabelle2!$A$2:$C$241,MATCH(K40,Tabelle2!$C$2:$C$241,0),1)) | ... AG40: =IF(R40="","",INDEX(Tabelle2!$A$2:$C$241,MATCH(R40,Tabelle2!$C$2:$C$241,0),1))
A41: 5240 | B41: Einband mit Fragment | D41: Einband vorhanden | S41: =IF(D41="","",INDEX(Tabelle2!$A$2:$C$241,MATCH(D41,Tabelle2!$C$2:$C$241,0),1)) -> BNDG-A239 | T41: =IF(E41="","",INDEX(Tabelle2!$A$2:$C$241,MATCH(E41,Tabelle2!$C$2:$C$241,0),1)) | U41: =IF(F41="","",INDEX(Tabelle2!$A$2:$C$241,MATCH(F41,Tabelle2!$C$2:$C$241,0),1)) | V41: =IF(G41="","",INDEX(Tabelle2!$A$2:$C$241,MATCH(G41,Tabelle2!$C$2:$C$241,0),1)) | W41: =IF(H41="","",INDEX(Tabelle2!$A$2:$C$241,MATCH(H41,Tabelle2!$C$2:$C$241,0),1)) | X41: =IF(I41="","",INDEX(Tabelle2!$A$2:$C$241,MATCH(I41,Tabelle2!$C$2:$C$241,0),1)) | Y41: =IF(J41="","",INDEX(Tabelle2!$A$2:$C$241,MATCH(J41,Tabelle2!$C$2:$C$241,0),1)) | Z41: =IF(K41="","",INDEX(Tabelle2!$A$2:$C$241,MATCH(K41,Tabelle2!$C$2:$C$241,0),1)) | ... AG41: =IF(R41="","",INDEX(Tabelle2!$A$2:$C$241,MATCH(R41,Tabelle2!$C$2:$C$241,0),1))
A42: 5240 | B42: Einschlagmappe | D42: Loser Umschlag | S42: =IF(D42="","",INDEX(Tabelle2!$A$2:$C$241,MATCH(D42,Tabelle2!$C$2:$C$241,0),1)) -> BNDG-A343 | T42: =IF(E42="","",INDEX(Tabelle2!$A$2:$C$241,MATCH(E42,Tabelle2!$C$2:$C$241,0),1)) | U42: =IF(F42="","",INDEX(Tabelle2!$A$2:$C$241,MATCH(F42,Tabelle2!$C$2:$C$241,0),1)) | V42: =IF(G42="","",INDEX(Tabelle2!$A$2:$C$241,MATCH(G42,Tabelle2!$C$2:$C$241,0),1)) | W42: =IF(H42="","",INDEX(Tabelle2!$A$2:$C$241,MATCH(H42,Tabelle2!$C$2:$C$241,0),1)) | X42: =IF(I42="","",INDEX(Tabelle2!$A$2:$C$241,MATCH(I42,Tabelle2!$C$2:$C$241,0),1)) | Y42: =IF(J42="","",INDEX(Tabelle2!$A$2:$C$241,MATCH(J42,Tabelle2!$C$2:$C$241,0),1)) | Z42: =IF(K42="","",INDEX(Tabelle2!$A$2:$C$241,MATCH(K42,Tabelle2!$C$2:$C$241,0),1)) | ... AG42: =IF(R42="","",INDEX(Tabelle2!$A$2:$C$241,MATCH(R42,Tabelle2!$C$2:$C$241,0),1))
A43: 5240 | B43: Einzelstempeleinband | D43: Blindstempeleinband | E43: Fester Einband ohne Klappe | F43: Heftung | G43: Leder (Bezug) | H43: Bezug vorhanden | I43: Einzelstempel (Blindprägung) | S43: =IF(D43="","",INDEX(Tabelle2!$A$2:$C$241,MATCH(D43,Tabelle2!$C$2:$C$241,0),1)) -> BNDG-X986 | T43: =IF(E43="","",INDEX(Tabelle2!$A$2:$C$241,MATCH(E43,Tabelle2!$C$2:$C$241,0),1)) -> BNDG-A206 | U43: =IF(F43="","",INDEX(Tabelle2!$A$2:$C$241,MATCH(F43,Tabelle2!$C$2:$C$241,0),1)) -> BNDG-B859 | V43: =IF(G43="","",INDEX(Tabelle2!$A$2:$C$241,MATCH(G43,Tabelle2!$C$2:$C$241,0),1)) -> BNDG-E702 | W43: =IF(H43="","",INDEX(Tabelle2!$A$2:$C$241,MATCH(H43,Tabelle2!$C$2:$C$241,0),1)) -> BNDG-F468 | X43: =IF(I43="","",INDEX(Tabelle2!$A$2:$C$241,MATCH(I43,Tabelle2!$C$2:$C$241,0),1)) -> BNDG-G882 | Y43: =IF(J43="","",INDEX(Tabelle2!$A$2:$C$241,MATCH(J43,Tabelle2!$C$2:$C$241,0),1)) | Z43: =IF(K43="","",INDEX(Tabelle2!$A$2:$C$241,MATCH(K43,Tabelle2!$C$2:$C$241,0),1)) | ... AG43: =IF(R43="","",INDEX(Tabelle2!$A$2:$C$241,MATCH(R43,Tabelle2!$C$2:$C$241,0),1))
A44: 5240 | B44: Erfurter Lielienschließen | D44: Einband vorhanden | E44: Schließe | S44: =IF(D44="","",INDEX(Tabelle2!$A$2:$C$241,MATCH(D44,Tabelle2!$C$2:$C$241,0),1)) -> BNDG-A239 | T44: =IF(E44="","",INDEX(Tabelle2!$A$2:$C$241,MATCH(E44,Tabelle2!$C$2:$C$241,0),1)) -> BNDG-K706 | U44: =IF(F44="","",INDEX(Tabelle2!$A$2:$C$241,MATCH(F44,Tabelle2!$C$2:$C$241,0),1)) | V44: =IF(G44="","",INDEX(Tabelle2!$A$2:$C$241,MATCH(G44,Tabelle2!$C$2:$C$241,0),1)) | W44: =IF(H44="","",INDEX(Tabelle2!$A$2:$C$241,MATCH(H44,Tabelle2!$C$2:$C$241,0),1)) | X44: =IF(I44="","",INDEX(Tabelle2!$A$2:$C$241,MATCH(I44,Tabelle2!$C$2:$C$241,0),1)) | Y44: =IF(J44="","",INDEX(Tabelle2!$A$2:$C$241,MATCH(J44,Tabelle2!$C$2:$C$241,0),1)) | Z44: =IF(K44="","",INDEX(Tabelle2!$A$2:$C$241,MATCH(K44,Tabelle2!$C$2:$C$241,0),1)) | ... AG44: =IF(R44="","",INDEX(Tabelle2!$A$2:$C$241,MATCH(R44,Tabelle2!$C$2:$C$241,0),1))
A45: 5240 | B45: Erfurter Lilienschließen | D45: Einband vorhanden | E45: Schließe | S45: =IF(D45="","",INDEX(Tabelle2!$A$2:$C$241,MATCH(D45,Tabelle2!$C$2:$C$241,0),1)) -> BNDG-A239 | T45: =IF(E45="","",INDEX(Tabelle2!$A$2:$C$241,MATCH(E45,Tabelle2!$C$2:$C$241,0),1)) -> BNDG-K706 | U45: =IF(F45="","",INDEX(Tabelle2!$A$2:$C$241,MATCH(F45,Tabelle2!$C$2:$C$241,0),1)) | V45: =IF(G45="","",INDEX(Tabelle2!$A$2:$C$241,MATCH(G45,Tabelle2!$C$2:$C$241,0),1)) | W45: =IF(H45="","",INDEX(Tabelle2!$A$2:$C$241,MATCH(H45,Tabelle2!$C$2:$C$241,0),1)) | X45: =IF(I45="","",INDEX(Tabelle2!$A$2:$C$241,MATCH(I45,Tabelle2!$C$2:$C$241,0),1)) | Y45: =IF(J45="","",INDEX(Tabelle2!$A$2:$C$241,MATCH(J45,Tabelle2!$C$2:$C$241,0),1)) | Z45: =IF(K45="","",INDEX(Tabelle2!$A$2:$C$241,MATCH(K45,Tabelle2!$C$2:$C$241,0),1)) | ... AG45: =IF(R45="","",INDEX(Tabelle2!$A$2:$C$241,MATCH(R45,Tabelle2!$C$2:$C$241,0),1))
A46: 5240 | B46: Flexible Pergamenteinband (ohne Unterlage) | D46: Flexibler Einband | E46: Pergament (Deckel) | F46: Pergamentband | S46: =IF(D46="","",INDEX(Tabelle2!$A$2:$C$241,MATCH(D46,Tabelle2!$C$2:$C$241,0),1)) -> BNDG-A507 | T46: =IF(E46="","",INDEX(Tabelle2!$A$2:$C$241,MATCH(E46,Tabelle2!$C$2:$C$241,0),1)) -> BNDG-D864 | U46: =IF(F46="","",INDEX(Tabelle2!$A$2:$C$241,MATCH(F46,Tabelle2!$C$2:$C$241,0),1)) -> BNDG-X876 | V46: =IF(G46="","",INDEX(Tabelle2!$A$2:$C$241,MATCH(G46,Tabelle2!$C$2:$C$241,0),1)) | W46: =IF(H46="","",INDEX(Tabelle2!$A$2:$C$241,MATCH(H46,Tabelle2!$C$2:$C$241,0),1)) | X46: =IF(I46="","",INDEX(Tabelle2!$A$2:$C$241,MATCH(I46,Tabelle2!$C$2:$C$241,0),1)) | Y46: =IF(J46="","",INDEX(Tabelle2!$A$2:$C$241,MATCH(J46,Tabelle2!$C$2:$C$241,0),1)) | Z46: =IF(K46="","",INDEX(Tabelle2!$A$2:$C$241,MATCH(K46,Tabelle2!$C$2:$C$241,0),1)) | ... AG46: =IF(R46="","",INDEX(Tabelle2!$A$2:$C$241,MATCH(R46,Tabelle2!$C$2:$C$241,0),1))
A47: 5240 | B47: Flexibler Pergamenteinband | D47: Pergamentband | E47: Flexibler Einband | S47: =IF(D47="","",INDEX(Tabelle2!$A$2:$C$241,MATCH(D47,Tabelle2!$C$2:$C$241,0),1)) -> BNDG-X876 | T47: =IF(E47="","",INDEX(Tabelle2!$A$2:$C$241,MATCH(E47,Tabelle2!$C$2:$C$241,0),1)) -> BNDG-A507 | U47: =IF(F47="","",INDEX(Tabelle2!$A$2:$C$241,MATCH(F47,Tabelle2!$C$2:$C$241,0),1)) | V47: =IF(G47="","",INDEX(Tabelle2!$A$2:$C$241,MATCH(G47,Tabelle2!$C$2:$C$241,0),1)) | W47: =IF(H47="","",INDEX(Tabelle2!$A$2:$C$241,MATCH(H47,Tabelle2!$C$2:$C$241,0),1)) | X47: =IF(I47="","",INDEX(Tabelle2!$A$2:$C$241,MATCH(I47,Tabelle2!$C$2:$C$241,0),1)) | Y47: =IF(J47="","",INDEX(Tabelle2!$A$2:$C$241,MATCH(J47,Tabelle2!$C$2:$C$241,0),1)) | Z47: =IF(K47="","",INDEX(Tabelle2!$A$2:$C$241,MATCH(K47,Tabelle2!$C$2:$C$241,0),1)) | ... AG47: =IF(R47="","",INDEX(Tabelle2!$A$2:$C$241,MATCH(R47,Tabelle2!$C$2:$C$241,0),1))
A48: 5240 | B48: Flexibler Pergamenteinband (ohne Unterlage) | D48: Pergamentband | E48: Flexibler Einband | F48: Pergament (Deckel) | S48: =IF(D48="","",INDEX(Tabelle2!$A$2:$C$241,MATCH(D48,Tabelle2!$C$2:$C$241,0),1)) -> BNDG-X876 | T48: =IF(E48="","",INDEX(Tabelle2!$A$2:$C$241,MATCH(E48,Tabelle2!$C$2:$C$241,0),1)) -> BNDG-A507 | U48: =IF(F48="","",INDEX(Tabelle2!$A$2:$C$241,MATCH(F48,Tabelle2!$C$2:$C$241,0),1)) -> BNDG-D864 | V48: =IF(G48="","",INDEX(Tabelle2!$A$2:$C$241,MATCH(G48,Tabelle2!$C$2:$C$241,0),1)) | W48: =IF(H48="","",INDEX(Tabelle2!$A$2:$C$241,MATCH(H48,Tabelle2!$C$2:$C$241,0),1)) | X48: =IF(I48="","",INDEX(Tabelle2!$A$2:$C$241,MATCH(I48,Tabelle2!$C$2:$C$241,0),1)) | Y48: =IF(J48="","",INDEX(Tabelle2!$A$2:$C$241,MATCH(J48,Tabelle2!$C$2:$C$241,0),1)) | Z48: =IF(K48="","",INDEX(Tabelle2!$A$2:$C$241,MATCH(K48,Tabelle2!$C$2:$C$241,0),1)) | ... AG48: =IF(R48="","",INDEX(Tabelle2!$A$2:$C$241,MATCH(R48,Tabelle2!$C$2:$C$241,0),1))
A49: 5240 | B49: Flexibler Pergamenteinband (ohne Unterlage) mit umgebogenen Schutzkanten | D49: Pergamentband | E49: Flexibler Einband | F49: Pergament (Deckel) | S49: =IF(D49="","",INDEX(Tabelle2!$A$2:$C$241,MATCH(D49,Tabelle2!$C$2:$C$241,0),1)) -> BNDG-X876 | T49: =IF(E49="","",INDEX(Tabelle2!$A$2:$C$241,MATCH(E49,Tabelle2!$C$2:$C$241,0),1)) -> BNDG-A507 | U49: =IF(F49="","",INDEX(Tabelle2!$A$2:$C$241,MATCH(F49,Tabelle2!$C$2:$C$241,0),1)) -> BNDG-D864 | V49: =IF(G49="","",INDEX(Tabelle2!$A$2:$C$241,MATCH(G49,Tabelle2!$C$2:$C$241,0),1)) | W49: =IF(H49="","",INDEX(Tabelle2!$A$2:$C$241,MATCH(H49,Tabelle2!$C$2:$C$241,0),1)) | X49: =IF(I49="","",INDEX(Tabelle2!$A$2:$C$241,MATCH(I49,Tabelle2!$C$2:$C$241,0),1)) | Y49: =IF(J49="","",INDEX(Tabelle2!$A$2:$C$241,MATCH(J49,Tabelle2!$C$2:$C$241,0),1)) | Z49: =IF(K49="","",INDEX(Tabelle2!$A$2:$C$241,MATCH(K49,Tabelle2!$C$2:$C$241,0),1)) | ... AG49: =IF(R49="","",INDEX(Tabelle2!$A$2:$C$241,MATCH(R49,Tabelle2!$C$2:$C$241,0),1))
A50: 5240 | B50: floraler Goldprägeeinband | D50: Fester Einband ohne Klappe | E50: Heftung | F50: Leder (Bezug) | G50: Bezug vorhanden | H50: Goldprägung | S50: =IF(D50="","",INDEX(Tabelle2!$A$2:$C$241,MATCH(D50,Tabelle2!$C$2:$C$241,0),1)) -> BNDG-A206 | T50: =IF(E50="","",INDEX(Tabelle2!$A$2:$C$241,MATCH(E50,Tabelle2!$C$2:$C$241,0),1)) -> BNDG-B859 | U50: =IF(F50="","",INDEX(Tabelle2!$A$2:$C$241,MATCH(F50,Tabelle2!$C$2:$C$241,0),1)) -> BNDG-E702 | V50: =IF(G50="","",INDEX(Tabelle2!$A$2:$C$241,MATCH(G50,Tabelle2!$C$2:$C$241,0),1)) -> BNDG-F468 | W50: =IF(H50="","",INDEX(Tabelle2!$A$2:$C$241,MATCH(H50,Tabelle2!$C$2:$C$241,0),1)) -> BNDG-G699 | X50: =IF(I50="","",INDEX(Tabelle2!$A$2:$C$241,MATCH(I50,Tabelle2!$C$2:$C$241,0),1)) | Y50: =IF(J50="","",INDEX(Tabelle2!$A$2:$C$241,MATCH(J50,Tabelle2!$C$2:$C$241,0),1)) | Z50: =IF(K50="","",INDEX(Tabelle2!$A$2:$C$241,MATCH(K50,Tabelle2!$C$2:$C$241,0),1)) | ... AG50: =IF(R50="","",INDEX(Tabelle2!$A$2:$C$241,MATCH(R50,Tabelle2!$C$2:$C$241,0),1))
A51: 5240 | B51: Florimond-Badier-Einband | D51: Einband vorhanden | E51: Verzierung vorhanden | S51: =IF(D51="","",INDEX(Tabelle2!$A$2:$C$241,MATCH(D51,Tabelle2!$C$2:$C$241,0),1)) -> BNDG-A239 | T51: =IF(E51="","",INDEX(Tabelle2!$A$2:$C$241,MATCH(E51,Tabelle2!$C$2:$C$241,0),1)) -> BNDG-G607 | U51: =IF(F51="","",INDEX(Tabelle2!$A$2:$C$241,MATCH(F51,Tabelle2!$C$2:$C$241,0),1)) | V51: =IF(G51="","",INDEX(Tabelle2!$A$2:$C$241,MATCH(G51,Tabelle2!$C$2:$C$241,0),1)) | W51: =IF(H51="","",INDEX(Tabelle2!$A$2:$C$241,MATCH(H51,Tabelle2!$C$2:$C$241,0),1)) | X51: =IF(I51="","",INDEX(Tabelle2!$A$2:$C$241,MATCH(I51,Tabelle2!$C$2:$C$241,0),1)) | Y51: =IF(J51="","",INDEX(Tabelle2!$A$2:$C$241,MATCH(J51,Tabelle2!$C$2:$C$241,0),1)) | Z51: =IF(K51="","",INDEX(Tabelle2!$A$2:$C$241,MATCH(K51,Tabelle2!$C$2:$C$241,0),1)) | ... AG51: =IF(R51="","",INDEX(Tabelle2!$A$2:$C$241,MATCH(R51,Tabelle2!$C$2:$C$241,0),1))
A52: 5240 | B52: Franzband | D52: Franzband | E52: Fester Einband ohne Klappe | F52: Heftung auf Bünde | G52: Vollständig bezogen | H52: Leder (Bezug) | I52: Pappe (Deckel) | S52: =IF(D52="","",INDEX(Tabelle2!$A$2:$C$241,MATCH(D52,Tabelle2!$C$2:$C$241,0),1)) -> BNDG-X371 | T52: =IF(E52="","",INDEX(Tabelle2!$A$2:$C$241,MATCH(E52,Tabelle2!$C$2:$C$241,0),1)) -> BNDG-A206 | U52: =IF(F52="","",INDEX(Tabelle2!$A$2:$C$241,MATCH(F52,Tabelle2!$C$2:$C$241,0),1)) -> BNDG-B726 | V52: =IF(G52="","",INDEX(Tabelle2!$A$2:$C$241,MATCH(G52,Tabelle2!$C$2:$C$241,0),1)) -> BNDG-F501 | W52: =IF(H52="","",INDEX(Tabelle2!$A$2:$C$241,MATCH(H52,Tabelle2!$C$2:$C$241,0),1)) -> BNDG-E702 | X52: =IF(I52="","",INDEX(Tabelle2!$A$2:$C$241,MATCH(I52,Tabelle2!$C$2:$C$241,0),1)) -> BNDG-D235 | Y52: =IF(J52="","",INDEX(Tabelle2!$A$2:$C$241,MATCH(J52,Tabelle2!$C$2:$C$241,0),1)) | Z52: =IF(K52="","",INDEX(Tabelle2!$A$2:$C$241,MATCH(K52,Tabelle2!$C$2:$C$241,0),1)) | ... AG52: =IF(R52="","",INDEX(Tabelle2!$A$2:$C$241,MATCH(R52,Tabelle2!$C$2:$C$241,0),1))
A53: 5240 | B53: frühgotischer Einband ohne Stempelschmuck | D53: Holzdeckeleinband | E53: Fester Einband | F53: Heftung auf Bünde | G53: Holz (Deckel) | H53: Verzierung nicht vorhanden | S53: =IF(D53="","",INDEX(Tabelle2!$A$2:$C$241,MATCH(D53,Tabelle2!$C$2:$C$241,0),1)) -> BNDG-X831 | T53: =IF(E53="","",INDEX(Tabelle2!$A$2:$C$241,MATCH(E53,Tabelle2!$C$2:$C$241,0),1)) -> BNDG-A532 | U53: =IF(F53="","",INDEX(Tabelle2!$A$2:$C$241,MATCH(F53,Tabelle2!$C$2:$C$241,0),1)) -> BNDG-B726 | V53: =IF(G53="","",INDEX(Tabelle2!$A$2:$C$241,MATCH(G53,Tabelle2!$C$2:$C$241,0),1)) -> BNDG-D174 | W53: =IF(H53="","",INDEX(Tabelle2!$A$2:$C$241,MATCH(H53,Tabelle2!$C$2:$C$241,0),1)) -> BNDG-G117 | X53: =IF(I53="","",INDEX(Tabelle2!$A$2:$C$241,MATCH(I53,Tabelle2!$C$2:$C$241,0),1)) | Y53: =IF(J53="","",INDEX(Tabelle2!$A$2:$C$241,MATCH(J53,Tabelle2!$C$2:$C$241,0),1)) | Z53: =IF(K53="","",INDEX(Tabelle2!$A$2:$C$241,MATCH(K53,Tabelle2!$C$2:$C$241,0),1)) | ... AG53: =IF(R53="","",INDEX(Tabelle2!$A$2:$C$241,MATCH(R53,Tabelle2!$C$2:$C$241,0),1))
A54: 5240 | B54: frühkarolingischer Einband | D54: Einband vorhanden | S54: =IF(D54="","",INDEX(Tabelle2!$A$2:$C$241,MATCH(D54,Tabelle2!$C$2:$C$241,0),1)) -> BNDG-A239 | T54: =IF(E54="","",INDEX(Tabelle2!$A$2:$C$241,MATCH(E54,Tabelle2!$C$2:$C$241,0),1)) | U54: =IF(F54="","",INDEX(Tabelle2!$A$2:$C$241,MATCH(F54,Tabelle2!$C$2:$C$241,0),1)) | V54: =IF(G54="","",INDEX(Tabelle2!$A$2:$C$241,MATCH(G54,Tabelle2!$C$2:$C$241,0),1)) | W54: =IF(H54="","",INDEX(Tabelle2!$A$2:$C$241,MATCH(H54,Tabelle2!$C$2:$C$241,0),1)) | X54: =IF(I54="","",INDEX(Tabelle2!$A$2:$C$241,MATCH(I54,Tabelle2!$C$2:$C$241,0),1)) | Y54: =IF(J54="","",INDEX(Tabelle2!$A$2:$C$241,MATCH(J54,Tabelle2!$C$2:$C$241,0),1)) | Z54: =IF(K54="","",INDEX(Tabelle2!$A$2:$C$241,MATCH(K54,Tabelle2!$C$2:$C$241,0),1)) | ... AG54: =IF(R54="","",INDEX(Tabelle2!$A$2:$C$241,MATCH(R54,Tabelle2!$C$2:$C$241,0),1))
A55: 5240 | B55: frühneuzeitlicher Einband | D55: Einband vorhanden | S55: =IF(D55="","",INDEX(Tabelle2!$A$2:$C$241,MATCH(D55,Tabelle2!$C$2:$C$241,0),1)) -> BNDG-A239 | T55: =IF(E55="","",INDEX(Tabelle2!$A$2:$C$241,MATCH(E55,Tabelle2!$C$2:$C$241,0),1)) | U55: =IF(F55="","",INDEX(Tabelle2!$A$2:$C$241,MATCH(F55,Tabelle2!$C$2:$C$241,0),1)) | V55: =IF(G55="","",INDEX(Tabelle2!$A$2:$C$241,MATCH(G55,Tabelle2!$C$2:$C$241,0),1)) | W55: =IF(H55="","",INDEX(Tabelle2!$A$2:$C$241,MATCH(H55,Tabelle2!$C$2:$C$241,0),1)) | X55: =IF(I55="","",INDEX(Tabelle2!$A$2:$C$241,MATCH(I55,Tabelle2!$C$2:$C$241,0),1)) | Y55: =IF(J55="","",INDEX(Tabelle2!$A$2:$C$241,MATCH(J55,Tabelle2!$C$2:$C$241,0),1)) | Z55: =IF(K55="","",INDEX(Tabelle2!$A$2:$C$241,MATCH(K55,Tabelle2!$C$2:$C$241,0),1)) | ... AG55: =IF(R55="","",INDEX(Tabelle2!$A$2:$C$241,MATCH(R55,Tabelle2!$C$2:$C$241,0),1))
A56: 5240 | B56: frühneuzeitlicher Einband mit Blindstempeln | D56: Blindstempeleinband | E56: Fester Einband ohne Klappe | F56: Heftung | G56: Leder (Bezug) | H56: Bezug vorhanden | I56: Einzelstempel (Blindprägung) | S56: =IF(D56="","",INDEX(Tabelle2!$A$2:$C$241,MATCH(D56,Tabelle2!$C$2:$C$241,0),1)) -> BNDG-X986 | T56: =IF(E56="","",INDEX(Tabelle2!$A$2:$C$241,MATCH(E56,Tabelle2!$C$2:$C$241,0),1)) -> BNDG-A206 | U56: =IF(F56="","",INDEX(Tabelle2!$A$2:$C$241,MATCH(F56,Tabelle2!$C$2:$C$241,0),1)) -> BNDG-B859 | V56: =IF(G56="","",INDEX(Tabelle2!$A$2:$C$241,MATCH(G56,Tabelle2!$C$2:$C$241,0),1)) -> BNDG-E702 | W56: =IF(H56="","",INDEX(Tabelle2!$A$2:$C$241,MATCH(H56,Tabelle2!$C$2:$C$241,0),1)) -> BNDG-F468 | X56: =IF(I56="","",INDEX(Tabelle2!$A$2:$C$241,MATCH(I56,Tabelle2!$C$2:$C$241,0),1)) -> BNDG-G882 | Y56: =IF(J56="","",INDEX(Tabelle2!$A$2:$C$241,MATCH(J56,Tabelle2!$C$2:$C$241,0),1)) | Z56: =IF(K56="","",INDEX(Tabelle2!$A$2:$C$241,MATCH(K56,Tabelle2!$C$2:$C$241,0),1)) | ... AG56: =IF(R56="","",INDEX(Tabelle2!$A$2:$C$241,MATCH(R56,Tabelle2!$C$2:$C$241,0),1))
A57: 5240 | B57: frühneuzeitlicher Einband mit Blindstempeln und Streicheisenlinien | D57: Blindstempeleinband | E57: Fester Einband ohne Klappe | F57: Heftung | G57: Leder (Bezug) | H57: Bezug vorhanden | I57: Einzelstempel (Blindprägung) | J57: Streicheisenlinien (Blindprägung) | S57: =IF(D57="","",INDEX(Tabelle2!$A$2:$C$241,MATCH(D57,Tabelle2!$C$2:$C$241,0),1)) -> BNDG-X986 | T57: =IF(E57="","",INDEX(Tabelle2!$A$2:$C$241,MATCH(E57,Tabelle2!$C$2:$C$241,0),1)) -> BNDG-A206 | U57: =IF(F57="","",INDEX(Tabelle2!$A$2:$C$241,MATCH(F57,Tabelle2!$C$2:$C$241,0),1)) -> BNDG-B859 | V57: =IF(G57="","",INDEX(Tabelle2!$A$2:$C$241,MATCH(G57,Tabelle2!$C$2:$C$241,0),1)) -> BNDG-E702 | W57: =IF(H57="","",INDEX(Tabelle2!$A$2:$C$241,MATCH(H57,Tabelle2!$C$2:$C$241,0),1)) -> BNDG-F468 | X57: =IF(I57="","",INDEX(Tabelle2!$A$2:$C$241,MATCH(I57,Tabelle2!$C$2:$C$241,0),1)) -> BNDG-G882 | Y57: =IF(J57="","",INDEX(Tabelle2!$A$2:$C$241,MATCH(J57,Tabelle2!$C$2:$C$241,0),1)) -> BNDG-G437 | Z57: =IF(K57="","",INDEX(Tabelle2!$A$2:$C$241,MATCH(K57,Tabelle2!$C$2:$C$241,0),1)) | ... AG57: =IF(R57="","",INDEX(Tabelle2!$A$2:$C$241,MATCH(R57,Tabelle2!$C$2:$C$241,0),1))
A58: 5240 | B58: frühneuzeitlicher Einband mit Plattenstempeln | D58: Blindprägeeinband | E58: Fester Einband ohne Klappe | F58: Heftung | G58: Leder (Bezug) | H58: Bezug vorhanden | I58: Sonstige Blindprägung | S58: =IF(D58="","",INDEX(Tabelle2!$A$2:$C$241,MATCH(D58,Tabelle2!$C$2:$C$241,0),1)) -> BNDG-X717 | T58: =IF(E58="","",INDEX(Tabelle2!$A$2:$C$241,MATCH(E58,Tabelle2!$C$2:$C$241,0),1)) -> BNDG-A206 | U58: =IF(F58="","",INDEX(Tabelle2!$A$2:$C$241,MATCH(F58,Tabelle2!$C$2:$C$241,0),1)) -> BNDG-B859 | V58: =IF(G58="","",INDEX(Tabelle2!$A$2:$C$241,MATCH(G58,Tabelle2!$C$2:$C$241,0),1)) -> BNDG-E702 | W58: =IF(H58="","",INDEX(Tabelle2!$A$2:$C$241,MATCH(H58,Tabelle2!$C$2:$C$241,0),1)) -> BNDG-F468 | X58: =IF(I58="","",INDEX(Tabelle2!$A$2:$C$241,MATCH(I58,Tabelle2!$C$2:$C$241,0),1)) -> BNDG-G124 | Y58: =IF(J58="","",INDEX(Tabelle2!$A$2:$C$241,MATCH(J58,Tabelle2!$C$2:$C$241,0),1)) | Z58: =IF(K58="","",INDEX(Tabelle2!$A$2:$C$241,MATCH(K58,Tabelle2!$C$2:$C$241,0),1)) | ... AG58: =IF(R58="","",INDEX(Tabelle2!$A$2:$C$241,MATCH(R58,Tabelle2!$C$2:$C$241,0),1))
A59: 5240 | B59: frühneuzeitlicher Einband mit Rollenstempeln, Einzelstempeln, Plattenstempeln und Streicheisenlinien | D59: Blindprägeeinband | E59: Fester Einband ohne Klappe | F59: Heftung | G59: Leder (Bezug) | H59: Bezug vorhanden | I59: Rolle (Blindprägung) | J59: Einzelstempel (Blindprägung) | K59: Streicheisenlinien (Blindprägung) | L59: Sonstige Blindprägung | S59: =IF(D59="","",INDEX(Tabelle2!$A$2:$C$241,MATCH(D59,Tabelle2!$C$2:$C$241,0),1)) -> BNDG-X717 | T59: =IF(E59="","",INDEX(Tabelle2!$A$2:$C$241,MATCH(E59,Tabelle2!$C$2:$C$241,0),1)) -> BNDG-A206 | U59: =IF(F59="","",INDEX(Tabelle2!$A$2:$C$241,MATCH(F59,Tabelle2!$C$2:$C$241,0),1)) -> BNDG-B859 | V59: =IF(G59="","",INDEX(Tabelle2!$A$2:$C$241,MATCH(G59,Tabelle2!$C$2:$C$241,0),1)) -> BNDG-E702 | W59: =IF(H59="","",INDEX(Tabelle2!$A$2:$C$241,MATCH(H59,Tabelle2!$C$2:$C$241,0),1)) -> BNDG-F468 | X59: =IF(I59="","",INDEX(Tabelle2!$A$2:$C$241,MATCH(I59,Tabelle2!$C$2:$C$241,0),1)) -> BNDG-G525 | Y59: =IF(J59="","",INDEX(Tabelle2!$A$2:$C$241,MATCH(J59,Tabelle2!$C$2:$C$241,0),1)) -> BNDG-G882 | Z59: =IF(K59="","",INDEX(Tabelle2!$A$2:$C$241,MATCH(K59,Tabelle2!$C$2:$C$241,0),1)) -> BNDG-G437 | ... AG59: =IF(R59="","",INDEX(Tabelle2!$A$2:$C$241,MATCH(R59,Tabelle2!$C$2:$C$241,0),1))
A60: 5240 | B60: frühneuzeitlicher Einband mit Rollenstempeln, Einzelstempeln und Streicheisenlinien | D60: Blindprägeeinband | E60: Fester Einband ohne Klappe | F60: Heftung | G60: Leder (Bezug) | H60: Bezug vorhanden | I60: Rolle (Blindprägung) | J60: Einzelstempel (Blindprägung) | K60: Streicheisenlinien (Blindprägung) | S60: =IF(D60="","",INDEX(Tabelle2!$A$2:$C$241,MATCH(D60,Tabelle2!$C$2:$C$241,0),1)) -> BNDG-X717 | T60: =IF(E60="","",INDEX(Tabelle2!$A$2:$C$241,MATCH(E60,Tabelle2!$C$2:$C$241,0),1)) -> BNDG-A206 | U60: =IF(F60="","",INDEX(Tabelle2!$A$2:$C$241,MATCH(F60,Tabelle2!$C$2:$C$241,0),1)) -> BNDG-B859 | V60: =IF(G60="","",INDEX(Tabelle2!$A$2:$C$241,MATCH(G60,Tabelle2!$C$2:$C$241,0),1)) -> BNDG-E702 | W60: =IF(H60="","",INDEX(Tabelle2!$A$2:$C$241,MATCH(H60,Tabelle2!$C$2:$C$241,0),1)) -> BNDG-F468 | X60: =IF(I60="","",INDEX(Tabelle2!$A$2:$C$241,MATCH(I60,Tabelle2!$C$2:$C$241,0),1)) -> BNDG-G525 | Y60: =IF(J60="","",INDEX(Tabelle2!$A$2:$C$241,MATCH(J60,Tabelle2!$C$2:$C$241,0),1)) -> BNDG-G882 | Z60: =IF(K60="","",INDEX(Tabelle2!$A$2:$C$241,MATCH(K60,Tabelle2!$C$2:$C$241,0),1)) -> BNDG-G437 | ... AG60: =IF(R60="","",INDEX(Tabelle2!$A$2:$C$241,MATCH(R60,Tabelle2!$C$2:$C$241,0),1))
A61: 5240 | B61: Frühneuzeitlicher Halblederband mit Blindpressung | D61: Blindprägeeinband | E61: Fester Einband ohne Klappe | F61: Heftung | G61: Leder (Bezug) | H61: Teilweise bezogen | I61: Blindprägung | S61: =IF(D61="","",INDEX(Tabelle2!$A$2:$C$241,MATCH(D61,Tabelle2!$C$2:$C$241,0),1)) -> BNDG-X717 | T61: =IF(E61="","",INDEX(Tabelle2!$A$2:$C$241,MATCH(E61,Tabelle2!$C$2:$C$241,0),1)) -> BNDG-A206 | U61: =IF(F61="","",INDEX(Tabelle2!$A$2:$C$241,MATCH(F61,Tabelle2!$C$2:$C$241,0),1)) -> BNDG-B859 | V61: =IF(G61="","",INDEX(Tabelle2!$A$2:$C$241,MATCH(G61,Tabelle2!$C$2:$C$241,0),1)) -> BNDG-E702 | W61: =IF(H61="","",INDEX(Tabelle2!$A$2:$C$241,MATCH(H61,Tabelle2!$C$2:$C$241,0),1)) -> BNDG-F682 | X61: =IF(I61="","",INDEX(Tabelle2!$A$2:$C$241,MATCH(I61,Tabelle2!$C$2:$C$241,0),1)) -> BNDG-G747 | Y61: =IF(J61="","",INDEX(Tabelle2!$A$2:$C$241,MATCH(J61,Tabelle2!$C$2:$C$241,0),1)) | Z61: =IF(K61="","",INDEX(Tabelle2!$A$2:$C$241,MATCH(K61,Tabelle2!$C$2:$C$241,0),1)) | ... AG61: =IF(R61="","",INDEX(Tabelle2!$A$2:$C$241,MATCH(R61,Tabelle2!$C$2:$C$241,0),1))
A62: 5240 | B62: frühneuzeitlicher Halblederband mit Blindstempeln und Streicheisenlinien | D62: Blindprägeeinband | E62: Fester Einband ohne Klappe | F62: Heftung | G62: Leder (Bezug) | H62: Teilweise bezogen | I62: Einzelstempel (Blindprägung) | J62: Streicheisenlinien (Blindprägung) | S62: =IF(D62="","",INDEX(Tabelle2!$A$2:$C$241,MATCH(D62,Tabelle2!$C$2:$C$241,0),1)) -> BNDG-X717 | T62: =IF(E62="","",INDEX(Tabelle2!$A$2:$C$241,MATCH(E62,Tabelle2!$C$2:$C$241,0),1)) -> BNDG-A206 | U62: =IF(F62="","",INDEX(Tabelle2!$A$2:$C$241,MATCH(F62,Tabelle2!$C$2:$C$241,0),1)) -> BNDG-B859 | V62: =IF(G62="","",INDEX(Tabelle2!$A$2:$C$241,MATCH(G62,Tabelle2!$C$2:$C$241,0),1)) -> BNDG-E702 | W62: =IF(H62="","",INDEX(Tabelle2!$A$2:$C$241,MATCH(H62,Tabelle2!$C$2:$C$241,0),1)) -> BNDG-F682 | X62: =IF(I62="","",INDEX(Tabelle2!$A$2:$C$241,MATCH(I62,Tabelle2!$C$2:$C$241,0),1)) -> BNDG-G882 | Y62: =IF(J62="","",INDEX(Tabelle2!$A$2:$C$241,MATCH(J62,Tabelle2!$C$2:$C$241,0),1)) -> BNDG-G437 | Z62: =IF(K62="","",INDEX(Tabelle2!$A$2:$C$241,MATCH(K62,Tabelle2!$C$2:$C$241,0),1)) | ... AG62: =IF(R62="","",INDEX(Tabelle2!$A$2:$C$241,MATCH(R62,Tabelle2!$C$2:$C$241,0),1))
A63: 5240 | B63: frühneuzeitlicher Lederband | D63: Einband vorhanden | E63: Leder (Bezug) | F63: Bezug vorhanden | S63: =IF(D63="","",INDEX(Tabelle2!$A$2:$C$241,MATCH(D63,Tabelle2!$C$2:$C$241,0),1)) -> BNDG-A239 | T63: =IF(E63="","",INDEX(Tabelle2!$A$2:$C$241,MATCH(E63,Tabelle2!$C$2:$C$241,0),1)) -> BNDG-E702 | U63: =IF(F63="","",INDEX(Tabelle2!$A$2:$C$241,MATCH(F63,Tabelle2!$C$2:$C$241,0),1)) -> BNDG-F468 | V63: =IF(G63="","",INDEX(Tabelle2!$A$2:$C$241,MATCH(G63,Tabelle2!$C$2:$C$241,0),1)) | W63: =IF(H63="","",INDEX(Tabelle2!$A$2:$C$241,MATCH(H63,Tabelle2!$C$2:$C$241,0),1)) | X63: =IF(I63="","",INDEX(Tabelle2!$A$2:$C$241,MATCH(I63,Tabelle2!$C$2:$C$241,0),1)) | Y63: =IF(J63="","",INDEX(Tabelle2!$A$2:$C$241,MATCH(J63,Tabelle2!$C$2:$C$241,0),1)) | Z63: =IF(K63="","",INDEX(Tabelle2!$A$2:$C$241,MATCH(K63,Tabelle2!$C$2:$C$241,0),1)) | ... AG63: =IF(R63="","",INDEX(Tabelle2!$A$2:$C$241,MATCH(R63,Tabelle2!$C$2:$C$241,0),1))
A64: 5240 | B64: frühneuzeitlicher Lederband mit Goldprägung | D64: Einband vorhanden | E64: Leder (Bezug) | F64: Goldprägung | G64: Bezug vorhanden | S64: =IF(D64="","",INDEX(Tabelle2!$A$2:$C$241,MATCH(D64,Tabelle2!$C$2:$C$241,0),1)) -> BNDG-A239 | T64: =IF(E64="","",INDEX(Tabelle2!$A$2:$C$241,MATCH(E64,Tabelle2!$C$2:$C$241,0),1)) -> BNDG-E702 | U64: =IF(F64="","",INDEX(Tabelle2!$A$2:$C$241,MATCH(F64,Tabelle2!$C$2:$C$241,0),1)) -> BNDG-G699 | V64: =IF(G64="","",INDEX(Tabelle2!$A$2:$C$241,MATCH(G64,Tabelle2!$C$2:$C$241,0),1)) -> BNDG-F468 | W64: =IF(H64="","",INDEX(Tabelle2!$A$2:$C$241,MATCH(H64,Tabelle2!$C$2:$C$241,0),1)) | X64: =IF(I64="","",INDEX(Tabelle2!$A$2:$C$241,MATCH(I64,Tabelle2!$C$2:$C$241,0),1)) | Y64: =IF(J64="","",INDEX(Tabelle2!$A$2:$C$241,MATCH(J64,Tabelle2!$C$2:$C$241,0),1)) | Z64: =IF(K64="","",INDEX(Tabelle2!$A$2:$C$241,MATCH(K64,Tabelle2!$C$2:$C$241,0),1)) | ... AG64: =IF(R64="","",INDEX(Tabelle2!$A$2:$C$241,MATCH(R64,Tabelle2!$C$2:$C$241,0),1))
A65: 5240 | B65: frühneuzeitlicher Pergamentband | D65: Pergamentband | E65: Einband vorhanden | S65: =IF(D65="","",INDEX(Tabelle2!$A$2:$C$241,MATCH(D65,Tabelle2!$C$2:$C$241,0),1)) -> BNDG-X876 | T65: =IF(E65="","",INDEX(Tabelle2!$A$2:$C$241,MATCH(E65,Tabelle2!$C$2:$C$241,0),1)) -> BNDG-A239 | U65: =IF(F65="","",INDEX(Tabelle2!$A$2:$C$241,MATCH(F65,Tabelle2!$C$2:$C$241,0),1)) | V65: =IF(G65="","",INDEX(Tabelle2!$A$2:$C$241,MATCH(G65,Tabelle2!$C$2:$C$241,0),1)) | W65: =IF(H65="","",INDEX(Tabelle2!$A$2:$C$241,MATCH(H65,Tabelle2!$C$2:$C$241,0),1)) | X65: =IF(I65="","",INDEX(Tabelle2!$A$2:$C$241,MATCH(I65,Tabelle2!$C$2:$C$241,0),1)) | Y65: =IF(J65="","",INDEX(Tabelle2!$A$2:$C$241,MATCH(J65,Tabelle2!$C$2:$C$241,0),1)) | Z65: =IF(K65="","",INDEX(Tabelle2!$A$2:$C$241,MATCH(K65,Tabelle2!$C$2:$C$241,0),1)) | ... AG65: =IF(R65="","",INDEX(Tabelle2!$A$2:$C$241,MATCH(R65,Tabelle2!$C$2:$C$241,0),1))
A66: 5240 | B66: frühneuzeitlicher Pergamentband mit Streicheisenlinien | D66: Einband vorhanden | E66: Streicheisenlinien (Blindprägung) | F66: Pergament (Bezug) | G66: Bezug vorhanden | S66: =IF(D66="","",INDEX(Tabelle2!$A$2:$C$241,MATCH(D66,Tabelle2!$C$2:$C$241,0),1)) -> BNDG-A239 | T66: =IF(E66="","",INDEX(Tabelle2!$A$2:$C$241,MATCH(E66,Tabelle2!$C$2:$C$241,0),1)) -> BNDG-G437 | U66: =IF(F66="","",INDEX(Tabelle2!$A$2:$C$241,MATCH(F66,Tabelle2!$C$2:$C$241,0),1)) -> BNDG-E746 | V66: =IF(G66="","",INDEX(Tabelle2!$A$2:$C$241,MATCH(G66,Tabelle2!$C$2:$C$241,0),1)) -> BNDG-F468 | W66: =IF(H66="","",INDEX(Tabelle2!$A$2:$C$241,MATCH(H66,Tabelle2!$C$2:$C$241,0),1)) | X66: =IF(I66="","",INDEX(Tabelle2!$A$2:$C$241,MATCH(I66,Tabelle2!$C$2:$C$241,0),1)) | Y66: =IF(J66="","",INDEX(Tabelle2!$A$2:$C$241,MATCH(J66,Tabelle2!$C$2:$C$241,0),1)) | Z66: =IF(K66="","",INDEX(Tabelle2!$A$2:$C$241,MATCH(K66,Tabelle2!$C$2:$C$241,0),1)) | ... AG66: =IF(R66="","",INDEX(Tabelle2!$A$2:$C$241,MATCH(R66,Tabelle2!$C$2:$C$241,0),1))
A67: 5240 | B67: frühneuzeitlicher Samtband | D67: Textilband | E67: Fester Einband | F67: Heftung | G67: Samt (Bezug) | H67: Bezug vorhanden | S67: =IF(D67="","",INDEX(Tabelle2!$A$2:$C$241,MATCH(D67,Tabelle2!$C$2:$C$241,0),1)) -> BNDG-X605 | T67: =IF(E67="","",INDEX(Tabelle2!$A$2:$C$241,MATCH(E67,Tabelle2!$C$2:$C$241,0),1)) -> BNDG-A532 | U67: =IF(F67="","",INDEX(Tabelle2!$A$2:$C$241,MATCH(F67,Tabelle2!$C$2:$C$241,0),1)) -> BNDG-B859 | V67: =IF(G67="","",INDEX(Tabelle2!$A$2:$C$241,MATCH(G67,Tabelle2!$C$2:$C$241,0),1)) -> BNDG-E491 | W67: =IF(H67="","",INDEX(Tabelle2!$A$2:$C$241,MATCH(H67,Tabelle2!$C$2:$C$241,0),1)) -> BNDG-F468 | X67: =IF(I67="","",INDEX(Tabelle2!$A$2:$C$241,MATCH(I67,Tabelle2!$C$2:$C$241,0),1)) | Y67: =IF(J67="","",INDEX(Tabelle2!$A$2:$C$241,MATCH(J67,Tabelle2!$C$2:$C$241,0),1)) | Z67: =IF(K67="","",INDEX(Tabelle2!$A$2:$C$241,MATCH(K67,Tabelle2!$C$2:$C$241,0),1)) | ... AG67: =IF(R67="","",INDEX(Tabelle2!$A$2:$C$241,MATCH(R67,Tabelle2!$C$2:$C$241,0),1))
A68: 5240 | B68: Fugger-Einband | D68: Holzdeckeleinband | E68: Fester Einband | F68: Heftung auf Bünde | G68: Holz (Deckel) | H68: Leder (Bezug) | I68: Verzierung vorhanden | S68: =IF(D68="","",INDEX(Tabelle2!$A$2:$C$241,MATCH(D68,Tabelle2!$C$2:$C$241,0),1)) -> BNDG-X831 | T68: =IF(E68="","",INDEX(Tabelle2!$A$2:$C$241,MATCH(E68,Tabelle2!$C$2:$C$241,0),1)) -> BNDG-A532 | U68: =IF(F68="","",INDEX(Tabelle2!$A$2:$C$241,MATCH(F68,Tabelle2!$C$2:$C$241,0),1)) -> BNDG-B726 | V68: =IF(G68="","",INDEX(Tabelle2!$A$2:$C$241,MATCH(G68,Tabelle2!$C$2:$C$241,0),1)) -> BNDG-D174 | W68: =IF(H68="","",INDEX(Tabelle2!$A$2:$C$241,MATCH(H68,Tabelle2!$C$2:$C$241,0),1)) -> BNDG-E702 | X68: =IF(I68="","",INDEX(Tabelle2!$A$2:$C$241,MATCH(I68,Tabelle2!$C$2:$C$241,0),1)) -> BNDG-G607 | Y68: =IF(J68="","",INDEX(Tabelle2!$A$2:$C$241,MATCH(J68,Tabelle2!$C$2:$C$241,0),1)) | Z68: =IF(K68="","",INDEX(Tabelle2!$A$2:$C$241,MATCH(K68,Tabelle2!$C$2:$C$241,0),1)) | ... AG68: =IF(R68="","",INDEX(Tabelle2!$A$2:$C$241,MATCH(R68,Tabelle2!$C$2:$C$241,0),1))
A69: 5240 | B69: Ganzfranzband | D69: Ganzfranzband | E69: Fester Einband ohne Klappe | F69: Heftung auf Bünde | G69: Mit einem Material vollständig bezogen | H69: Leder (Bezug) | I69: Pappe (Deckel) | S69: =IF(D69="","",INDEX(Tabelle2!$A$2:$C$241,MATCH(D69,Tabelle2!$C$2:$C$241,0),1)) -> BNDG-X301 | T69: =IF(E69="","",INDEX(Tabelle2!$A$2:$C$241,MATCH(E69,Tabelle2!$C$2:$C$241,0),1)) -> BNDG-A206 | U69: =IF(F69="","",INDEX(Tabelle2!$A$2:$C$241,MATCH(F69,Tabelle2!$C$2:$C$241,0),1)) -> BNDG-B726 | V69: =IF(G69="","",INDEX(Tabelle2!$A$2:$C$241,MATCH(G69,Tabelle2!$C$2:$C$241,0),1)) -> BNDG-F571 | W69: =IF(H69="","",INDEX(Tabelle2!$A$2:$C$241,MATCH(H69,Tabelle2!$C$2:$C$241,0),1)) -> BNDG-E702 | X69: =IF(I69="","",INDEX(Tabelle2!$A$2:$C$241,MATCH(I69,Tabelle2!$C$2:$C$241,0),1)) -> BNDG-D235 | Y69: =IF(J69="","",INDEX(Tabelle2!$A$2:$C$241,MATCH(J69,Tabelle2!$C$2:$C$241,0),1)) | Z69: =IF(K69="","",INDEX(Tabelle2!$A$2:$C$241,MATCH(K69,Tabelle2!$C$2:$C$241,0),1)) | ... AG69: =IF(R69="","",INDEX(Tabelle2!$A$2:$C$241,MATCH(R69,Tabelle2!$C$2:$C$241,0),1))
A70: 5240 | B70: Ganzlederband | D70: Einband vorhanden | E70: Leder (Bezug) | F70: Mit einem Material vollständig bezogen | S70: =IF(D70="","",INDEX(Tabelle2!$A$2:$C$241,MATCH(D70,Tabelle2!$C$2:$C$241,0),1)) -> BNDG-A239 | T70: =IF(E70="","",INDEX(Tabelle2!$A$2:$C$241,MATCH(E70,Tabelle2!$C$2:$C$241,0),1)) -> BNDG-E702 | U70: =IF(F70="","",INDEX(Tabelle2!$A$2:$C$241,MATCH(F70,Tabelle2!$C$2:$C$241,0),1)) -> BNDG-F571 | V70: =IF(G70="","",INDEX(Tabelle2!$A$2:$C$241,MATCH(G70,Tabelle2!$C$2:$C$241,0),1)) | W70: =IF(H70="","",INDEX(Tabelle2!$A$2:$C$241,MATCH(H70,Tabelle2!$C$2:$C$241,0),1)) | X70: =IF(I70="","",INDEX(Tabelle2!$A$2:$C$241,MATCH(I70,Tabelle2!$C$2:$C$241,0),1)) | Y70: =IF(J70="","",INDEX(Tabelle2!$A$2:$C$241,MATCH(J70,Tabelle2!$C$2:$C$241,0),1)) | Z70: =IF(K70="","",INDEX(Tabelle2!$A$2:$C$241,MATCH(K70,Tabelle2!$C$2:$C$241,0),1)) | ... AG70: =IF(R70="","",INDEX(Tabelle2!$A$2:$C$241,MATCH(R70,Tabelle2!$C$2:$C$241,0),1))
A71: 5240 | B71: Ganzleinenband, schwarz | D71: Textilband | E71: Fester Einband | F71: Heftung | G71: Leinen (Bezug) | H71: Mit einem Material vollständig bezogen | S71: =IF(D71="","",INDEX(Tabelle2!$A$2:$C$241,MATCH(D71,Tabelle2!$C$2:$C$241,0),1)) -> BNDG-X605 | T71: =IF(E71="","",INDEX(Tabelle2!$A$2:$C$241,MATCH(E71,Tabelle2!$C$2:$C$241,0),1)) -> BNDG-A532 | U71: =IF(F71="","",INDEX(Tabelle2!$A$2:$C$241,MATCH(F71,Tabelle2!$C$2:$C$241,0),1)) -> BNDG-B859 | V71: =IF(G71="","",INDEX(Tabelle2!$A$2:$C$241,MATCH(G71,Tabelle2!$C$2:$C$241,0),1)) -> BNDG-E697 | W71: =IF(H71="","",INDEX(Tabelle2!$A$2:$C$241,MATCH(H71,Tabelle2!$C$2:$C$241,0),1)) -> BNDG-F571 | X71: =IF(I71="","",INDEX(Tabelle2!$A$2:$C$241,MATCH(I71,Tabelle2!$C$2:$C$241,0),1)) | Y71: =IF(J71="","",INDEX(Tabelle2!$A$2:$C$241,MATCH(J71,Tabelle2!$C$2:$C$241,0),1)) | Z71: =IF(K71="","",INDEX(Tabelle2!$A$2:$C$241,MATCH(K71,Tabelle2!$C$2:$C$241,0),1)) | ... AG71: =IF(R71="","",INDEX(Tabelle2!$A$2:$C$241,MATCH(R71,Tabelle2!$C$2:$C$241,0),1))
A72: 5240 | B72: Geschnitzter Holzdeckel | D72: Einband vorhanden | E72: Holz (Verzierung) | F72: Schnitzerei | S72: =IF(D72="","",INDEX(Tabelle2!$A$2:$C$241,MATCH(D72,Tabelle2!$C$2:$C$241,0),1)) -> BNDG-A239 | T72: =IF(E72="","",INDEX(Tabelle2!$A$2:$C$241,MATCH(E72,Tabelle2!$C$2:$C$241,0),1)) -> BNDG-G696 | U72: =IF(F72="","",INDEX(Tabelle2!$A$2:$C$241,MATCH(F72,Tabelle2!$C$2:$C$241,0),1)) -> BNDG-G512 | V72: =IF(G72="","",INDEX(Tabelle2!$A$2:$C$241,MATCH(G72,Tabelle2!$C$2:$C$241,0),1)) | W72: =IF(H72="","",INDEX(Tabelle2!$A$2:$C$241,MATCH(H72,Tabelle2!$C$2:$C$241,0),1)) | X72: =IF(I72="","",INDEX(Tabelle2!$A$2:$C$241,MATCH(I72,Tabelle2!$C$2:$C$241,0),1)) | Y72: =IF(J72="","",INDEX(Tabelle2!$A$2:$C$241,MATCH(J72,Tabelle2!$C$2:$C$241,0),1)) | Z72: =IF(K72="","",INDEX(Tabelle2!$A$2:$C$241,MATCH(K72,Tabelle2!$C$2:$C$241,0),1)) | ... AG72: =IF(R72="","",INDEX(Tabelle2!$A$2:$C$241,MATCH(R72,Tabelle2!$C$2:$C$241,0),1))
A73: 5240 | B73: Goldschmiedeeinband | D73: Einband vorhanden | E73: Gold (Verzierung) | S73: =IF(D73="","",INDEX(Tabelle2!$A$2:$C$241,MATCH(D73,Tabelle2!$C$2:$C$241,0),1)) -> BNDG-A239 | T73: =IF(E73="","",INDEX(Tabelle2!$A$2:$C$241,MATCH(E73,Tabelle2!$C$2:$C$241,0),1)) -> BNDG-G420 | U73: =IF(F73="","",INDEX(Tabelle2!$A$2:$C$241,MATCH(F73,Tabelle2!$C$2:$C$241,0),1)) | V73: =IF(G73="","",INDEX(Tabelle2!$A$2:$C$241,MATCH(G73,Tabelle2!$C$2:$C$241,0),1)) | W73: =IF(H73="","",INDEX(Tabelle2!$A$2:$C$241,MATCH(H73,Tabelle2!$C$2:$C$241,0),1)) | X73: =IF(I73="","",INDEX(Tabelle2!$A$2:$C$241,MATCH(I73,Tabelle2!$C$2:$C$241,0),1)) | Y73: =IF(J73="","",INDEX(Tabelle2!$A$2:$C$241,MATCH(J73,Tabelle2!$C$2:$C$241,0),1)) | Z73: =IF(K73="","",INDEX(Tabelle2!$A$2:$C$241,MATCH(K73,Tabelle2!$C$2:$C$241,0),1)) | ... AG73: =IF(R73="","",INDEX(Tabelle2!$A$2:$C$241,MATCH(R73,Tabelle2!$C$2:$C$241,0),1))
A74: 5240 | B74: gotischer Einband | D74: Einband vorhanden | S74: =IF(D74="","",INDEX(Tabelle2!$A$2:$C$241,MATCH(D74,Tabelle2!$C$2:$C$241,0),1)) -> BNDG-A239 | T74: =IF(E74="","",INDEX(Tabelle2!$A$2:$C$241,MATCH(E74,Tabelle2!$C$2:$C$241,0),1)) | U74: =IF(F74="","",INDEX(Tabelle2!$A$2:$C$241,MATCH(F74,Tabelle2!$C$2:$C$241,0),1)) | V74: =IF(G74="","",INDEX(Tabelle2!$A$2:$C$241,MATCH(G74,Tabelle2!$C$2:$C$241,0),1)) | W74: =IF(H74="","",INDEX(Tabelle2!$A$2:$C$241,MATCH(H74,Tabelle2!$C$2:$C$241,0),1)) | X74: =IF(I74="","",INDEX(Tabelle2!$A$2:$C$241,MATCH(I74,Tabelle2!$C$2:$C$241,0),1)) | Y74: =IF(J74="","",INDEX(Tabelle2!$A$2:$C$241,MATCH(J74,Tabelle2!$C$2:$C$241,0),1)) | Z74: =IF(K74="","",INDEX(Tabelle2!$A$2:$C$241,MATCH(K74,Tabelle2!$C$2:$C$241,0),1)) | ... AG74: =IF(R74="","",INDEX(Tabelle2!$A$2:$C$241,MATCH(R74,Tabelle2!$C$2:$C$241,0),1))
A75: 5240 | B75: Gotischer Einband | D75: Einband vorhanden | S75: =IF(D75="","",INDEX(Tabelle2!$A$2:$C$241,MATCH(D75,Tabelle2!$C$2:$C$241,0),1)) -> BNDG-A239 | T75: =IF(E75="","",INDEX(Tabelle2!$A$2:$C$241,MATCH(E75,Tabelle2!$C$2:$C$241,0),1)) | U75: =IF(F75="","",INDEX(Tabelle2!$A$2:$C$241,MATCH(F75,Tabelle2!$C$2:$C$241,0),1)) | V75: =IF(G75="","",INDEX(Tabelle2!$A$2:$C$241,MATCH(G75,Tabelle2!$C$2:$C$241,0),1)) | W75: =IF(H75="","",INDEX(Tabelle2!$A$2:$C$241,MATCH(H75,Tabelle2!$C$2:$C$241,0),1)) | X75: =IF(I75="","",INDEX(Tabelle2!$A$2:$C$241,MATCH(I75,Tabelle2!$C$2:$C$241,0),1)) | Y75: =IF(J75="","",INDEX(Tabelle2!$A$2:$C$241,MATCH(J75,Tabelle2!$C$2:$C$241,0),1)) | Z75: =IF(K75="","",INDEX(Tabelle2!$A$2:$C$241,MATCH(K75,Tabelle2!$C$2:$C$241,0),1)) | ... AG75: =IF(R75="","",INDEX(Tabelle2!$A$2:$C$241,MATCH(R75,Tabelle2!$C$2:$C$241,0),1))
A76: 5240 | B76: Gotischer Holzdeckeleinband, ursprünglich mit rotem Leder bezogen | D76: Holzdeckeleinband | E76: Fester Einband | F76: Heftung auf Bünde | G76: Holz (Deckel) | H76: Leder (Bezug) | I76: Bezug entfernt | S76: =IF(D76="","",INDEX(Tabelle2!$A$2:$C$241,MATCH(D76,Tabelle2!$C$2:$C$241,0),1)) -> BNDG-X831 | T76: =IF(E76="","",INDEX(Tabelle2!$A$2:$C$241,MATCH(E76,Tabelle2!$C$2:$C$241,0),1)) -> BNDG-A532 | U76: =IF(F76="","",INDEX(Tabelle2!$A$2:$C$241,MATCH(F76,Tabelle2!$C$2:$C$241,0),1)) -> BNDG-B726 | V76: =IF(G76="","",INDEX(Tabelle2!$A$2:$C$241,MATCH(G76,Tabelle2!$C$2:$C$241,0),1)) -> BNDG-D174 | W76: =IF(H76="","",INDEX(Tabelle2!$A$2:$C$241,MATCH(H76,Tabelle2!$C$2:$C$241,0),1)) -> BNDG-E702 | X76: =IF(I76="","",INDEX(Tabelle2!$A$2:$C$241,MATCH(I76,Tabelle2!$C$2:$C$241,0),1)) -> BNDG-F619 | Y76: =IF(J76="","",INDEX(Tabelle2!$A$2:$C$241,MATCH(J76,Tabelle2!$C$2:$C$241,0),1)) | Z76: =IF(K76="","",INDEX(Tabelle2!$A$2:$C$241,MATCH(K76,Tabelle2!$C$2:$C$241,0),1)) | ... AG76: =IF(R76="","",INDEX(Tabelle2!$A$2:$C$241,MATCH(R76,Tabelle2!$C$2:$C$241,0),1))
A77: 5240 | B77: Groliereinband | D77: Einband vorhanden | E77: Leder (Bezug) | F77: Goldprägung | G77: Bezug vorhanden | S77: =IF(D77="","",INDEX(Tabelle2!$A$2:$C$241,MATCH(D77,Tabelle2!$C$2:$C$241,0),1)) -> BNDG-A239 | T77: =IF(E77="","",INDEX(Tabelle2!$A$2:$C$241,MATCH(E77,Tabelle2!$C$2:$C$241,0),1)) -> BNDG-E702 | U77: =IF(F77="","",INDEX(Tabelle2!$A$2:$C$241,MATCH(F77,Tabelle2!$C$2:$C$241,0),1)) -> BNDG-G699 | V77: =IF(G77="","",INDEX(Tabelle2!$A$2:$C$241,MATCH(G77,Tabelle2!$C$2:$C$241,0),1)) -> BNDG-F468 | W77: =IF(H77="","",INDEX(Tabelle2!$A$2:$C$241,MATCH(H77,Tabelle2!$C$2:$C$241,0),1)) | X77: =IF(I77="","",INDEX(Tabelle2!$A$2:$C$241,MATCH(I77,Tabelle2!$C$2:$C$241,0),1)) | Y77: =IF(J77="","",INDEX(Tabelle2!$A$2:$C$241,MATCH(J77,Tabelle2!$C$2:$C$241,0),1)) | Z77: =IF(K77="","",INDEX(Tabelle2!$A$2:$C$241,MATCH(K77,Tabelle2!$C$2:$C$241,0),1)) | ... AG77: =IF(R77="","",INDEX(Tabelle2!$A$2:$C$241,MATCH(R77,Tabelle2!$C$2:$C$241,0),1))
A78: 5240 | B78: Haifischledereinband | D78: Einband vorhanden | E78: Sonstiges Glattleder (Bezug) | F78: Bezug vorhanden | S78: =IF(D78="","",INDEX(Tabelle2!$A$2:$C$241,MATCH(D78,Tabelle2!$C$2:$C$241,0),1)) -> BNDG-A239 | T78: =IF(E78="","",INDEX(Tabelle2!$A$2:$C$241,MATCH(E78,Tabelle2!$C$2:$C$241,0),1)) -> BNDG-E179 | U78: =IF(F78="","",INDEX(Tabelle2!$A$2:$C$241,MATCH(F78,Tabelle2!$C$2:$C$241,0),1)) -> BNDG-F468 | V78: =IF(G78="","",INDEX(Tabelle2!$A$2:$C$241,MATCH(G78,Tabelle2!$C$2:$C$241,0),1)) | W78: =IF(H78="","",INDEX(Tabelle2!$A$2:$C$241,MATCH(H78,Tabelle2!$C$2:$C$241,0),1)) | X78: =IF(I78="","",INDEX(Tabelle2!$A$2:$C$241,MATCH(I78,Tabelle2!$C$2:$C$241,0),1)) | Y78: =IF(J78="","",INDEX(Tabelle2!$A$2:$C$241,MATCH(J78,Tabelle2!$C$2:$C$241,0),1)) | Z78: =IF(K78="","",INDEX(Tabelle2!$A$2:$C$241,MATCH(K78,Tabelle2!$C$2:$C$241,0),1)) | ... AG78: =IF(R78="","",INDEX(Tabelle2!$A$2:$C$241,MATCH(R78,Tabelle2!$C$2:$C$241,0),1))
A79: 5240 | B79: Halbband | D79: Halbband | E79: Fester Einband ohne Klappe | F79: Heftung | G79: Teilweise bezogen | S79: =IF(D79="","",INDEX(Tabelle2!$A$2:$C$241,MATCH(D79,Tabelle2!$C$2:$C$241,0),1)) -> BNDG-X642 | T79: =IF(E79="","",INDEX(Tabelle2!$A$2:$C$241,MATCH(E79,Tabelle2!$C$2:$C$241,0),1)) -> BNDG-A206 | U79: =IF(F79="","",INDEX(Tabelle2!$A$2:$C$241,MATCH(F79,Tabelle2!$C$2:$C$241,0),1)) -> BNDG-B859 | V79: =IF(G79="","",INDEX(Tabelle2!$A$2:$C$241,MATCH(G79,Tabelle2!$C$2:$C$241,0),1)) -> BNDG-F682 | W79: =IF(H79="","",INDEX(Tabelle2!$A$2:$C$241,MATCH(H79,Tabelle2!$C$2:$C$241,0),1)) | X79: =IF(I79="","",INDEX(Tabelle2!$A$2:$C$241,MATCH(I79,Tabelle2!$C$2:$C$241,0),1)) | Y79: =IF(J79="","",INDEX(Tabelle2!$A$2:$C$241,MATCH(J79,Tabelle2!$C$2:$C$241,0),1)) | Z79: =IF(K79="","",INDEX(Tabelle2!$A$2:$C$241,MATCH(K79,Tabelle2!$C$2:$C$241,0),1)) | ... AG79: =IF(R79="","",INDEX(Tabelle2!$A$2:$C$241,MATCH(R79,Tabelle2!$C$2:$C$241,0),1))
A80: 5240 | B80: Halbfranzband | D80: Halbfranzband | E80: Fester Einband ohne Klappe | F80: Heftung auf Bünde | G80: Mit unterschiedlichem Material vollständig bezogen | H80: Pappe (Deckel) | I80: Leder (Bezug) | S80: =IF(D80="","",INDEX(Tabelle2!$A$2:$C$241,MATCH(D80,Tabelle2!$C$2:$C$241,0),1)) -> BNDG-X508 | T80: =IF(E80="","",INDEX(Tabelle2!$A$2:$C$241,MATCH(E80,Tabelle2!$C$2:$C$241,0),1)) -> BNDG-A206 | U80: =IF(F80="","",INDEX(Tabelle2!$A$2:$C$241,MATCH(F80,Tabelle2!$C$2:$C$241,0),1)) -> BNDG-B726 | V80: =IF(G80="","",INDEX(Tabelle2!$A$2:$C$241,MATCH(G80,Tabelle2!$C$2:$C$241,0),1)) -> BNDG-F414 | W80: =IF(H80="","",INDEX(Tabelle2!$A$2:$C$241,MATCH(H80,Tabelle2!$C$2:$C$241,0),1)) -> BNDG-D235 | X80: =IF(I80="","",INDEX(Tabelle2!$A$2:$C$241,MATCH(I80,Tabelle2!$C$2:$C$241,0),1)) -> BNDG-E702 | Y80: =IF(J80="","",INDEX(Tabelle2!$A$2:$C$241,MATCH(J80,Tabelle2!$C$2:$C$241,0),1)) | Z80: =IF(K80="","",INDEX(Tabelle2!$A$2:$C$241,MATCH(K80,Tabelle2!$C$2:$C$241,0),1)) | ... AG80: =IF(R80="","",INDEX(Tabelle2!$A$2:$C$241,MATCH(R80,Tabelle2!$C$2:$C$241,0),1))
A81: 5240 | B81: Halbgewebeeinband | D81: Halbband | E81: Fester Einband ohne Klappe | F81: Heftung | G81: Teilweise bezogen | H81: Textil (Bezug) | S81: =IF(D81="","",INDEX(Tabelle2!$A$2:$C$241,MATCH(D81,Tabelle2!$C$2:$C$241,0),1)) -> BNDG-X642 | T81: =IF(E81="","",INDEX(Tabelle2!$A$2:$C$241,MATCH(E81,Tabelle2!$C$2:$C$241,0),1)) -> BNDG-A206 | U81: =IF(F81="","",INDEX(Tabelle2!$A$2:$C$241,MATCH(F81,Tabelle2!$C$2:$C$241,0),1)) -> BNDG-B859 | V81: =IF(G81="","",INDEX(Tabelle2!$A$2:$C$241,MATCH(G81,Tabelle2!$C$2:$C$241,0),1)) -> BNDG-F682 | W81: =IF(H81="","",INDEX(Tabelle2!$A$2:$C$241,MATCH(H81,Tabelle2!$C$2:$C$241,0),1)) -> BNDG-E418 | X81: =IF(I81="","",INDEX(Tabelle2!$A$2:$C$241,MATCH(I81,Tabelle2!$C$2:$C$241,0),1)) | Y81: =IF(J81="","",INDEX(Tabelle2!$A$2:$C$241,MATCH(J81,Tabelle2!$C$2:$C$241,0),1)) | Z81: =IF(K81="","",INDEX(Tabelle2!$A$2:$C$241,MATCH(K81,Tabelle2!$C$2:$C$241,0),1)) | ... AG81: =IF(R81="","",INDEX(Tabelle2!$A$2:$C$241,MATCH(R81,Tabelle2!$C$2:$C$241,0),1))
A82: 5240 | B82: Halblederband | D82: Halblederband | E82: Fester Einband ohne Klappe | F82: Heftung | G82: Teilweise bezogen | H82: Leder (Bezug) | S82: =IF(D82="","",INDEX(Tabelle2!$A$2:$C$241,MATCH(D82,Tabelle2!$C$2:$C$241,0),1)) -> BNDG-X497 | T82: =IF(E82="","",INDEX(Tabelle2!$A$2:$C$241,MATCH(E82,Tabelle2!$C$2:$C$241,0),1)) -> BNDG-A206 | U82: =IF(F82="","",INDEX(Tabelle2!$A$2:$C$241,MATCH(F82,Tabelle2!$C$2:$C$241,0),1)) -> BNDG-B859 | V82: =IF(G82="","",INDEX(Tabelle2!$A$2:$C$241,MATCH(G82,Tabelle2!$C$2:$C$241,0),1)) -> BNDG-F682 | W82: =IF(H82="","",INDEX(Tabelle2!$A$2:$C$241,MATCH(H82,Tabelle2!$C$2:$C$241,0),1)) -> BNDG-E702 | X82: =IF(I82="","",INDEX(Tabelle2!$A$2:$C$241,MATCH(I82,Tabelle2!$C$2:$C$241,0),1)) | Y82: =IF(J82="","",INDEX(Tabelle2!$A$2:$C$241,MATCH(J82,Tabelle2!$C$2:$C$241,0),1)) | Z82: =IF(K82="","",INDEX(Tabelle2!$A$2:$C$241,MATCH(K82,Tabelle2!$C$2:$C$241,0),1)) | ... AG82: =IF(R82="","",INDEX(Tabelle2!$A$2:$C$241,MATCH(R82,Tabelle2!$C$2:$C$241,0),1))
A83: 5240 | B83: Halblederband, beige, auf Holzdeckeln | D83: Halblederband | E83: Fester Einband ohne Klappe | F83: Heftung | G83: Teilweise bezogen | H83: Leder (Bezug) | I83: Holz (Deckel) | S83: =IF(D83="","",INDEX(Tabelle2!$A$2:$C$241,MATCH(D83,Tabelle2!$C$2:$C$241,0),1)) -> BNDG-X497 | T83: =IF(E83="","",INDEX(Tabelle2!$A$2:$C$241,MATCH(E83,Tabelle2!$C$2:$C$241,0),1)) -> BNDG-A206 | U83: =IF(F83="","",INDEX(Tabelle2!$A$2:$C$241,MATCH(F83,Tabelle2!$C$2:$C$241,0),1)) -> BNDG-B859 | V83: =IF(G83="","",INDEX(Tabelle2!$A$2:$C$241,MATCH(G83,Tabelle2!$C$2:$C$241,0),1)) -> BNDG-F682 | W83: =IF(H83="","",INDEX(Tabelle2!$A$2:$C$241,MATCH(H83,Tabelle2!$C$2:$C$241,0),1)) -> BNDG-E702 | X83: =IF(I83="","",INDEX(Tabelle2!$A$2:$C$241,MATCH(I83,Tabelle2!$C$2:$C$241,0),1)) -> BNDG-D174 | Y83: =IF(J83="","",INDEX(Tabelle2!$A$2:$C$241,MATCH(J83,Tabelle2!$C$2:$C$241,0),1)) | Z83: =IF(K83="","",INDEX(Tabelle2!$A$2:$C$241,MATCH(K83,Tabelle2!$C$2:$C$241,0),1)) | ... AG83: =IF(R83="","",INDEX(Tabelle2!$A$2:$C$241,MATCH(R83,Tabelle2!$C$2:$C$241,0),1))
A84: 5240 | B84: Halblederband, braun | D84: Halblederband | E84: Fester Einband ohne Klappe | F84: Heftung | G84: Teilweise bezogen | H84: Leder (Bezug) | S84: =IF(D84="","",INDEX(Tabelle2!$A$2:$C$241,MATCH(D84,Tabelle2!$C$2:$C$241,0),1)) -> BNDG-X497 | T84: =IF(E84="","",INDEX(Tabelle2!$A$2:$C$241,MATCH(E84,Tabelle2!$C$2:$C$241,0),1)) -> BNDG-A206 | U84: =IF(F84="","",INDEX(Tabelle2!$A$2:$C$241,MATCH(F84,Tabelle2!$C$2:$C$241,0),1)) -> BNDG-B859 | V84: =IF(G84="","",INDEX(Tabelle2!$A$2:$C$241,MATCH(G84,Tabelle2!$C$2:$C$241,0),1)) -> BNDG-F682 | W84: =IF(H84="","",INDEX(Tabelle2!$A$2:$C$241,MATCH(H84,Tabelle2!$C$2:$C$241,0),1)) -> BNDG-E702 | X84: =IF(I84="","",INDEX(Tabelle2!$A$2:$C$241,MATCH(I84,Tabelle2!$C$2:$C$241,0),1)) | Y84: =IF(J84="","",INDEX(Tabelle2!$A$2:$C$241,MATCH(J84,Tabelle2!$C$2:$C$241,0),1)) | Z84: =IF(K84="","",INDEX(Tabelle2!$A$2:$C$241,MATCH(K84,Tabelle2!$C$2:$C$241,0),1)) | ... AG84: =IF(R84="","",INDEX(Tabelle2!$A$2:$C$241,MATCH(R84,Tabelle2!$C$2:$C$241,0),1))
A85: 5240 | B85: Halblederband, braun, modern | D85: Halblederband | E85: Fester Einband ohne Klappe | F85: Heftung | G85: Teilweise bezogen | H85: Leder (Bezug) | S85: =IF(D85="","",INDEX(Tabelle2!$A$2:$C$241,MATCH(D85,Tabelle2!$C$2:$C$241,0),1)) -> BNDG-X497 | T85: =IF(E85="","",INDEX(Tabelle2!$A$2:$C$241,MATCH(E85,Tabelle2!$C$2:$C$241,0),1)) -> BNDG-A206 | U85: =IF(F85="","",INDEX(Tabelle2!$A$2:$C$241,MATCH(F85,Tabelle2!$C$2:$C$241,0),1)) -> BNDG-B859 | V85: =IF(G85="","",INDEX(Tabelle2!$A$2:$C$241,MATCH(G85,Tabelle2!$C$2:$C$241,0),1)) -> BNDG-F682 | W85: =IF(H85="","",INDEX(Tabelle2!$A$2:$C$241,MATCH(H85,Tabelle2!$C$2:$C$241,0),1)) -> BNDG-E702 | X85: =IF(I85="","",INDEX(Tabelle2!$A$2:$C$241,MATCH(I85,Tabelle2!$C$2:$C$241,0),1)) | Y85: =IF(J85="","",INDEX(Tabelle2!$A$2:$C$241,MATCH(J85,Tabelle2!$C$2:$C$241,0),1)) | Z85: =IF(K85="","",INDEX(Tabelle2!$A$2:$C$241,MATCH(K85,Tabelle2!$C$2:$C$241,0),1)) | ... AG85: =IF(R85="","",INDEX(Tabelle2!$A$2:$C$241,MATCH(R85,Tabelle2!$C$2:$C$241,0),1))
A86: 5240 | B86: Halblederband, braun, neu | D86: Halblederband | E86: Fester Einband ohne Klappe | F86: Heftung | G86: Teilweise bezogen | H86: Leder (Bezug) | S86: =IF(D86="","",INDEX(Tabelle2!$A$2:$C$241,MATCH(D86,Tabelle2!$C$2:$C$241,0),1)) -> BNDG-X497 | T86: =IF(E86="","",INDEX(Tabelle2!$A$2:$C$241,MATCH(E86,Tabelle2!$C$2:$C$241,0),1)) -> BNDG-A206 | U86: =IF(F86="","",INDEX(Tabelle2!$A$2:$C$241,MATCH(F86,Tabelle2!$C$2:$C$241,0),1)) -> BNDG-B859 | V86: =IF(G86="","",INDEX(Tabelle2!$A$2:$C$241,MATCH(G86,Tabelle2!$C$2:$C$241,0),1)) -> BNDG-F682 | W86: =IF(H86="","",INDEX(Tabelle2!$A$2:$C$241,MATCH(H86,Tabelle2!$C$2:$C$241,0),1)) -> BNDG-E702 | X86: =IF(I86="","",INDEX(Tabelle2!$A$2:$C$241,MATCH(I86,Tabelle2!$C$2:$C$241,0),1)) | Y86: =IF(J86="","",INDEX(Tabelle2!$A$2:$C$241,MATCH(J86,Tabelle2!$C$2:$C$241,0),1)) | Z86: =IF(K86="","",INDEX(Tabelle2!$A$2:$C$241,MATCH(K86,Tabelle2!$C$2:$C$241,0),1)) | ... AG86: =IF(R86="","",INDEX(Tabelle2!$A$2:$C$241,MATCH(R86,Tabelle2!$C$2:$C$241,0),1))
A87: 5240 | B87: Halblederband, dunkelbraun | D87: Halblederband | E87: Fester Einband ohne Klappe | F87: Heftung | G87: Teilweise bezogen | H87: Leder (Bezug) | S87: =IF(D87="","",INDEX(Tabelle2!$A$2:$C$241,MATCH(D87,Tabelle2!$C$2:$C$241,0),1)) -> BNDG-X497 | T87: =IF(E87="","",INDEX(Tabelle2!$A$2:$C$241,MATCH(E87,Tabelle2!$C$2:$C$241,0),1)) -> BNDG-A206 | U87: =IF(F87="","",INDEX(Tabelle2!$A$2:$C$241,MATCH(F87,Tabelle2!$C$2:$C$241,0),1)) -> BNDG-B859 | V87: =IF(G87="","",INDEX(Tabelle2!$A$2:$C$241,MATCH(G87,Tabelle2!$C$2:$C$241,0),1)) -> BNDG-F682 | W87: =IF(H87="","",INDEX(Tabelle2!$A$2:$C$241,MATCH(H87,Tabelle2!$C$2:$C$241,0),1)) -> BNDG-E702 | X87: =IF(I87="","",INDEX(Tabelle2!$A$2:$C$241,MATCH(I87,Tabelle2!$C$2:$C$241,0),1)) | Y87: =IF(J87="","",INDEX(Tabelle2!$A$2:$C$241,MATCH(J87,Tabelle2!$C$2:$C$241,0),1)) | Z87: =IF(K87="","",INDEX(Tabelle2!$A$2:$C$241,MATCH(K87,Tabelle2!$C$2:$C$241,0),1)) | ... AG87: =IF(R87="","",INDEX(Tabelle2!$A$2:$C$241,MATCH(R87,Tabelle2!$C$2:$C$241,0),1))
A88: 5240 | B88: Halblederband, ehemaliger | D88: Halblederband | E88: Fester Einband ohne Klappe | F88: Heftung | G88: Teilweise bezogen | H88: Leder (Bezug) | S88: =IF(D88="","",INDEX(Tabelle2!$A$2:$C$241,MATCH(D88,Tabelle2!$C$2:$C$241,0),1)) -> BNDG-X497 | T88: =IF(E88="","",INDEX(Tabelle2!$A$2:$C$241,MATCH(E88,Tabelle2!$C$2:$C$241,0),1)) -> BNDG-A206 | U88: =IF(F88="","",INDEX(Tabelle2!$A$2:$C$241,MATCH(F88,Tabelle2!$C$2:$C$241,0),1)) -> BNDG-B859 | V88: =IF(G88="","",INDEX(Tabelle2!$A$2:$C$241,MATCH(G88,Tabelle2!$C$2:$C$241,0),1)) -> BNDG-F682 | W88: =IF(H88="","",INDEX(Tabelle2!$A$2:$C$241,MATCH(H88,Tabelle2!$C$2:$C$241,0),1)) -> BNDG-E702 | X88: =IF(I88="","",INDEX(Tabelle2!$A$2:$C$241,MATCH(I88,Tabelle2!$C$2:$C$241,0),1)) | Y88: =IF(J88="","",INDEX(Tabelle2!$A$2:$C$241,MATCH(J88,Tabelle2!$C$2:$C$241,0),1)) | Z88: =IF(K88="","",INDEX(Tabelle2!$A$2:$C$241,MATCH(K88,Tabelle2!$C$2:$C$241,0),1)) | ... AG88: =IF(R88="","",INDEX(Tabelle2!$A$2:$C$241,MATCH(R88,Tabelle2!$C$2:$C$241,0),1))
A89: 5240 | B89: Halblederband, frühneuzeitlich | D89: Halblederband | E89: Fester Einband ohne Klappe | F89: Heftung | G89: Teilweise bezogen | H89: Leder (Bezug) | S89: =IF(D89="","",INDEX(Tabelle2!$A$2:$C$241,MATCH(D89,Tabelle2!$C$2:$C$241,0),1)) -> BNDG-X497 | T89: =IF(E89="","",INDEX(Tabelle2!$A$2:$C$241,MATCH(E89,Tabelle2!$C$2:$C$241,0),1)) -> BNDG-A206 | U89: =IF(F89="","",INDEX(Tabelle2!$A$2:$C$241,MATCH(F89,Tabelle2!$C$2:$C$241,0),1)) -> BNDG-B859 | V89: =IF(G89="","",INDEX(Tabelle2!$A$2:$C$241,MATCH(G89,Tabelle2!$C$2:$C$241,0),1)) -> BNDG-F682 | W89: =IF(H89="","",INDEX(Tabelle2!$A$2:$C$241,MATCH(H89,Tabelle2!$C$2:$C$241,0),1)) -> BNDG-E702 | X89: =IF(I89="","",INDEX(Tabelle2!$A$2:$C$241,MATCH(I89,Tabelle2!$C$2:$C$241,0),1)) | Y89: =IF(J89="","",INDEX(Tabelle2!$A$2:$C$241,MATCH(J89,Tabelle2!$C$2:$C$241,0),1)) | Z89: =IF(K89="","",INDEX(Tabelle2!$A$2:$C$241,MATCH(K89,Tabelle2!$C$2:$C$241,0),1)) | ... AG89: =IF(R89="","",INDEX(Tabelle2!$A$2:$C$241,MATCH(R89,Tabelle2!$C$2:$C$241,0),1))
A90: 5240 | B90: Halblederband, hell | D90: Halblederband | E90: Fester Einband ohne Klappe | F90: Heftung | G90: Teilweise bezogen | H90: Leder (Bezug) | S90: =IF(D90="","",INDEX(Tabelle2!$A$2:$C$241,MATCH(D90,Tabelle2!$C$2:$C$241,0),1)) -> BNDG-X497 | T90: =IF(E90="","",INDEX(Tabelle2!$A$2:$C$241,MATCH(E90,Tabelle2!$C$2:$C$241,0),1)) -> BNDG-A206 | U90: =IF(F90="","",INDEX(Tabelle2!$A$2:$C$241,MATCH(F90,Tabelle2!$C$2:$C$241,0),1)) -> BNDG-B859 | V90: =IF(G90="","",INDEX(Tabelle2!$A$2:$C$241,MATCH(G90,Tabelle2!$C$2:$C$241,0),1)) -> BNDG-F682 | W90: =IF(H90="","",INDEX(Tabelle2!$A$2:$C$241,MATCH(H90,Tabelle2!$C$2:$C$241,0),1)) -> BNDG-E702 | X90: =IF(I90="","",INDEX(Tabelle2!$A$2:$C$241,MATCH(I90,Tabelle2!$C$2:$C$241,0),1)) | Y90: =IF(J90="","",INDEX(Tabelle2!$A$2:$C$241,MATCH(J90,Tabelle2!$C$2:$C$241,0),1)) | Z90: =IF(K90="","",INDEX(Tabelle2!$A$2:$C$241,MATCH(K90,Tabelle2!$C$2:$C$241,0),1)) | ... AG90: =IF(R90="","",INDEX(Tabelle2!$A$2:$C$241,MATCH(R90,Tabelle2!$C$2:$C$241,0),1))
A91: 5240 | B91: Halblederband, hellbraun | D91: Halblederband | E91: Fester Einband ohne Klappe | F91: Heftung | G91: Teilweise bezogen | H91: Leder (Bezug) | S91: =IF(D91="","",INDEX(Tabelle2!$A$2:$C$241,MATCH(D91,Tabelle2!$C$2:$C$241,0),1)) -> BNDG-X497 | T91: =IF(E91="","",INDEX(Tabelle2!$A$2:$C$241,MATCH(E91,Tabelle2!$C$2:$C$241,0),1)) -> BNDG-A206 | U91: =IF(F91="","",INDEX(Tabelle2!$A$2:$C$241,MATCH(F91,Tabelle2!$C$2:$C$241,0),1)) -> BNDG-B859 | V91: =IF(G91="","",INDEX(Tabelle2!$A$2:$C$241,MATCH(G91,Tabelle2!$C$2:$C$241,0),1)) -> BNDG-F682 | W91: =IF(H91="","",INDEX(Tabelle2!$A$2:$C$241,MATCH(H91,Tabelle2!$C$2:$C$241,0),1)) -> BNDG-E702 | X91: =IF(I91="","",INDEX(Tabelle2!$A$2:$C$241,MATCH(I91,Tabelle2!$C$2:$C$241,0),1)) | Y91: =IF(J91="","",INDEX(Tabelle2!$A$2:$C$241,MATCH(J91,Tabelle2!$C$2:$C$241,0),1)) | Z91: =IF(K91="","",INDEX(Tabelle2!$A$2:$C$241,MATCH(K91,Tabelle2!$C$2:$C$241,0),1)) | ... AG91: =IF(R91="","",INDEX(Tabelle2!$A$2:$C$241,MATCH(R91,Tabelle2!$C$2:$C$241,0),1))
A92: 5240 | B92: Halblederband, neu | D92: Halblederband | E92: Fester Einband ohne Klappe | F92: Heftung | G92: Teilweise bezogen | H92: Leder (Bezug) | S92: =IF(D92="","",INDEX(Tabelle2!$A$2:$C$241,MATCH(D92,Tabelle2!$C$2:$C$241,0),1)) -> BNDG-X497 | T92: =IF(E92="","",INDEX(Tabelle2!$A$2:$C$241,MATCH(E92,Tabelle2!$C$2:$C$241,0),1)) -> BNDG-A206 | U92: =IF(F92="","",INDEX(Tabelle2!$A$2:$C$241,MATCH(F92,Tabelle2!$C$2:$C$241,0),1)) -> BNDG-B859 | V92: =IF(G92="","",INDEX(Tabelle2!$A$2:$C$241,MATCH(G92,Tabelle2!$C$2:$C$241,0),1)) -> BNDG-F682 | W92: =IF(H92="","",INDEX(Tabelle2!$A$2:$C$241,MATCH(H92,Tabelle2!$C$2:$C$241,0),1)) -> BNDG-E702 | X92: =IF(I92="","",INDEX(Tabelle2!$A$2:$C$241,MATCH(I92,Tabelle2!$C$2:$C$241,0),1)) | Y92: =IF(J92="","",INDEX(Tabelle2!$A$2:$C$241,MATCH(J92,Tabelle2!$C$2:$C$241,0),1)) | Z92: =IF(K92="","",INDEX(Tabelle2!$A$2:$C$241,MATCH(K92,Tabelle2!$C$2:$C$241,0),1)) | ... AG92: =IF(R92="","",INDEX(Tabelle2!$A$2:$C$241,MATCH(R92,Tabelle2!$C$2:$C$241,0),1))
A93: 5240 | B93: Halblederband, restauriert | D93: Halblederband | E93: Fester Einband ohne Klappe | F93: Heftung | G93: Teilweise bezogen | H93: Leder (Bezug) | S93: =IF(D93="","",INDEX(Tabelle2!$A$2:$C$241,MATCH(D93,Tabelle2!$C$2:$C$241,0),1)) -> BNDG-X497 | T93: =IF(E93="","",INDEX(Tabelle2!$A$2:$C$241,MATCH(E93,Tabelle2!$C$2:$C$241,0),1)) -> BNDG-A206 | U93: =IF(F93="","",INDEX(Tabelle2!$A$2:$C$241,MATCH(F93,Tabelle2!$C$2:$C$241,0),1)) -> BNDG-B859 | V93: =IF(G93="","",INDEX(Tabelle2!$A$2:$C$241,MATCH(G93,Tabelle2!$C$2:$C$241,0),1)) -> BNDG-F682 | W93: =IF(H93="","",INDEX(Tabelle2!$A$2:$C$241,MATCH(H93,Tabelle2!$C$2:$C$241,0),1)) -> BNDG-E702 | X93: =IF(I93="","",INDEX(Tabelle2!$A$2:$C$241,MATCH(I93,Tabelle2!$C$2:$C$241,0),1)) | Y93: =IF(J93="","",INDEX(Tabelle2!$A$2:$C$241,MATCH(J93,Tabelle2!$C$2:$C$241,0),1)) | Z93: =IF(K93="","",INDEX(Tabelle2!$A$2:$C$241,MATCH(K93,Tabelle2!$C$2:$C$241,0),1)) | ... AG93: =IF(R93="","",INDEX(Tabelle2!$A$2:$C$241,MATCH(R93,Tabelle2!$C$2:$C$241,0),1))
A94: 5240 | B94: Halblederband, rot, modern | D94: Halblederband | E94: Fester Einband ohne Klappe | F94: Heftung | G94: Teilweise bezogen | H94: Leder (Bezug) | S94: =IF(D94="","",INDEX(Tabelle2!$A$2:$C$241,MATCH(D94,Tabelle2!$C$2:$C$241,0),1)) -> BNDG-X497 | T94: =IF(E94="","",INDEX(Tabelle2!$A$2:$C$241,MATCH(E94,Tabelle2!$C$2:$C$241,0),1)) -> BNDG-A206 | U94: =IF(F94="","",INDEX(Tabelle2!$A$2:$C$241,MATCH(F94,Tabelle2!$C$2:$C$241,0),1)) -> BNDG-B859 | V94: =IF(G94="","",INDEX(Tabelle2!$A$2:$C$241,MATCH(G94,Tabelle2!$C$2:$C$241,0),1)) -> BNDG-F682 | W94: =IF(H94="","",INDEX(Tabelle2!$A$2:$C$241,MATCH(H94,Tabelle2!$C$2:$C$241,0),1)) -> BNDG-E702 | X94: =IF(I94="","",INDEX(Tabelle2!$A$2:$C$241,MATCH(I94,Tabelle2!$C$2:$C$241,0),1)) | Y94: =IF(J94="","",INDEX(Tabelle2!$A$2:$C$241,MATCH(J94,Tabelle2!$C$2:$C$241,0),1)) | Z94: =IF(K94="","",INDEX(Tabelle2!$A$2:$C$241,MATCH(K94,Tabelle2!$C$2:$C$241,0),1)) | ... AG94: =IF(R94="","",INDEX(Tabelle2!$A$2:$C$241,MATCH(R94,Tabelle2!$C$2:$C$241,0),1))
A95: 5240 | B95: Halblederband, schmucklos | D95: Halblederband | E95: Fester Einband ohne Klappe | F95: Heftung | G95: Teilweise bezogen | H95: Leder (Bezug) | S95: =IF(D95="","",INDEX(Tabelle2!$A$2:$C$241,MATCH(D95,Tabelle2!$C$2:$C$241,0),1)) -> BNDG-X497 | T95: =IF(E95="","",INDEX(Tabelle2!$A$2:$C$241,MATCH(E95,Tabelle2!$C$2:$C$241,0),1)) -> BNDG-A206 | U95: =IF(F95="","",INDEX(Tabelle2!$A$2:$C$241,MATCH(F95,Tabelle2!$C$2:$C$241,0),1)) -> BNDG-B859 | V95: =IF(G95="","",INDEX(Tabelle2!$A$2:$C$241,MATCH(G95,Tabelle2!$C$2:$C$241,0),1)) -> BNDG-F682 | W95: =IF(H95="","",INDEX(Tabelle2!$A$2:$C$241,MATCH(H95,Tabelle2!$C$2:$C$241,0),1)) -> BNDG-E702 | X95: =IF(I95="","",INDEX(Tabelle2!$A$2:$C$241,MATCH(I95,Tabelle2!$C$2:$C$241,0),1)) | Y95: =IF(J95="","",INDEX(Tabelle2!$A$2:$C$241,MATCH(J95,Tabelle2!$C$2:$C$241,0),1)) | Z95: =IF(K95="","",INDEX(Tabelle2!$A$2:$C$241,MATCH(K95,Tabelle2!$C$2:$C$241,0),1)) | ... AG95: =IF(R95="","",INDEX(Tabelle2!$A$2:$C$241,MATCH(R95,Tabelle2!$C$2:$C$241,0),1))
... A98: 5240 | B98: Halblederband, spätgotisch, hell | D98: Halblederband | E98: Fester Einband ohne Klappe | F98: Heftung | G98: Teilweise bezogen | H98: Leder (Bezug) | S98: =IF(D98="","",INDEX(Tabelle2!$A$2:$C$241,MATCH(D98,Tabelle2!$C$2:$C$241,0),1)) -> BNDG-X497 | T98: =IF(E98="","",INDEX(Tabelle2!$A$2:$C$241,MATCH(E98,Tabelle2!$C$2:$C$241,0),1)) -> BNDG-A206 | U98: =IF(F98="","",INDEX(Tabelle2!$A$2:$C$241,MATCH(F98,Tabelle2!$C$2:$C$241,0),1)) -> BNDG-B859 | V98: =IF(G98="","",INDEX(Tabelle2!$A$2:$C$241,MATCH(G98,Tabelle2!$C$2:$C$241,0),1)) -> BNDG-F682 | W98: =IF(H98="","",INDEX(Tabelle2!$A$2:$C$241,MATCH(H98,Tabelle2!$C$2:$C$241,0),1)) -> BNDG-E702 | X98: =IF(I98="","",INDEX(Tabelle2!$A$2:$C$241,MATCH(I98,Tabelle2!$C$2:$C$241,0),1)) | Y98: =IF(J98="","",INDEX(Tabelle2!$A$2:$C$241,MATCH(J98,Tabelle2!$C$2:$C$241,0),1)) | Z98: =IF(K98="","",INDEX(Tabelle2!$A$2:$C$241,MATCH(K98,Tabelle2!$C$2:$C$241,0),1)) | ... AG98: =IF(R98="","",INDEX(Tabelle2!$A$2:$C$241,MATCH(R98,Tabelle2!$C$2:$C$241,0),1))
A99: 5240 | B99: Halblederband, spätgotisch, hell, auf Holz | D99: Halblederband | E99: Fester Einband ohne Klappe | F99: Heftung | G99: Teilweise bezogen | H99: Leder (Bezug) | I99: Holz (Deckel) | S99: =IF(D99="","",INDEX(Tabelle2!$A$2:$C$241,MATCH(D99,Tabelle2!$C$2:$C$241,0),1)) -> BNDG-X497 | T99: =IF(E99="","",INDEX(Tabelle2!$A$2:$C$241,MATCH(E99,Tabelle2!$C$2:$C$241,0),1)) -> BNDG-A206 | U99: =IF(F99="","",INDEX(Tabelle2!$A$2:$C$241,MATCH(F99,Tabelle2!$C$2:$C$241,0),1)) -> BNDG-B859 | V99: =IF(G99="","",INDEX(Tabelle2!$A$2:$C$241,MATCH(G99,Tabelle2!$C$2:$C$241,0),1)) -> BNDG-F682 | W99: =IF(H99="","",INDEX(Tabelle2!$A$2:$C$241,MATCH(H99,Tabelle2!$C$2:$C$241,0),1)) -> BNDG-E702 | X99: =IF(I99="","",INDEX(Tabelle2!$A$2:$C$241,MATCH(I99,Tabelle2!$C$2:$C$241,0),1)) -> BNDG-D174 | Y99: =IF(J99="","",INDEX(Tabelle2!$A$2:$C$241,MATCH(J99,Tabelle2!$C$2:$C$241,0),1)) | Z99: =IF(K99="","",INDEX(Tabelle2!$A$2:$C$241,MATCH(K99,Tabelle2!$C$2:$C$241,0),1)) | ... AG99: =IF(R99="","",INDEX(Tabelle2!$A$2:$C$241,MATCH(R99,Tabelle2!$C$2:$C$241,0),1))
A100: 5240 | B100: Halblederband, spätgotisch, rot | D100: Halblederband | E100: Fester Einband ohne Klappe | F100: Heftung | G100: Teilweise bezogen | H100: Leder (Bezug) | S100: =IF(D100="","",INDEX(Tabelle2!$A$2:$C$241,MATCH(D100,Tabelle2!$C$2:$C$241,0),1)) -> BNDG-X497 | T100: =IF(E100="","",INDEX(Tabelle2!$A$2:$C$241,MATCH(E100,Tabelle2!$C$2:$C$241,0),1)) -> BNDG-A206 | U100: =IF(F100="","",INDEX(Tabelle2!$A$2:$C$241,MATCH(F100,Tabelle2!$C$2:$C$241,0),1)) -> BNDG-B859 | V100: =IF(G100="","",INDEX(Tabelle2!$A$2:$C$241,MATCH(G100,Tabelle2!$C$2:$C$241,0),1)) -> BNDG-F682 | W100: =IF(H100="","",INDEX(Tabelle2!$A$2:$C$241,MATCH(H100,Tabelle2!$C$2:$C$241,0),1)) -> BNDG-E702 | X100: =IF(I100="","",INDEX(Tabelle2!$A$2:$C$241,MATCH(I100,Tabelle2!$C$2:$C$241,0),1)) | Y100: =IF(J100="","",INDEX(Tabelle2!$A$2:$C$241,MATCH(J100,Tabelle2!$C$2:$C$241,0),1)) | Z100: =IF(K100="","",INDEX(Tabelle2!$A$2:$C$241,MATCH(K100,Tabelle2!$C$2:$C$241,0),1)) | ... AG100: =IF(R100="","",INDEX(Tabelle2!$A$2:$C$241,MATCH(R100,Tabelle2!$C$2:$C$241,0),1))
A101: 5240 | B101: Halblederband, spätgotisch, rot, Ziegenleder? | D101: Halblederband | E101: Fester Einband ohne Klappe | F101: Heftung | G101: Teilweise bezogen | H101: Leder (Bezug) | S101: =IF(D101="","",INDEX(Tabelle2!$A$2:$C$241,MATCH(D101,Tabelle2!$C$2:$C$241,0),1)) -> BNDG-X497 | T101: =IF(E101="","",INDEX(Tabelle2!$A$2:$C$241,MATCH(E101,Tabelle2!$C$2:$C$241,0),1)) -> BNDG-A206 | U101: =IF(F101="","",INDEX(Tabelle2!$A$2:$C$241,MATCH(F101,Tabelle2!$C$2:$C$241,0),1)) -> BNDG-B859 | V101: =IF(G101="","",INDEX(Tabelle2!$A$2:$C$241,MATCH(G101,Tabelle2!$C$2:$C$241,0),1)) -> BNDG-F682 | W101: =IF(H101="","",INDEX(Tabelle2!$A$2:$C$241,MATCH(H101,Tabelle2!$C$2:$C$241,0),1)) -> BNDG-E702 | X101: =IF(I101="","",INDEX(Tabelle2!$A$2:$C$241,MATCH(I101,Tabelle2!$C$2:$C$241,0),1)) | Y101: =IF(J101="","",INDEX(Tabelle2!$A$2:$C$241,MATCH(J101,Tabelle2!$C$2:$C$241,0),1)) | Z101: =IF(K101="","",INDEX(Tabelle2!$A$2:$C$241,MATCH(K101,Tabelle2!$C$2:$C$241,0),1)) | ... AG101: =IF(R101="","",INDEX(Tabelle2!$A$2:$C$241,MATCH(R101,Tabelle2!$C$2:$C$241,0),1))
A102: 5240 | B102: Halblederband, spätgotischer | D102: Halblederband | E102: Fester Einband ohne Klappe | F102: Heftung | G102: Teilweise bezogen | H102: Leder (Bezug) | S102: =IF(D102="","",INDEX(Tabelle2!$A$2:$C$241,MATCH(D102,Tabelle2!$C$2:$C$241,0),1)) -> BNDG-X497 | T102: =IF(E102="","",INDEX(Tabelle2!$A$2:$C$241,MATCH(E102,Tabelle2!$C$2:$C$241,0),1)) -> BNDG-A206 | U102: =IF(F102="","",INDEX(Tabelle2!$A$2:$C$241,MATCH(F102,Tabelle2!$C$2:$C$241,0),1)) -> BNDG-B859 | V102: =IF(G102="","",INDEX(Tabelle2!$A$2:$C$241,MATCH(G102,Tabelle2!$C$2:$C$241,0),1)) -> BNDG-F682 | W102: =IF(H102="","",INDEX(Tabelle2!$A$2:$C$241,MATCH(H102,Tabelle2!$C$2:$C$241,0),1)) -> BNDG-E702 | X102: =IF(I102="","",INDEX(Tabelle2!$A$2:$C$241,MATCH(I102,Tabelle2!$C$2:$C$241,0),1)) | Y102: =IF(J102="","",INDEX(Tabelle2!$A$2:$C$241,MATCH(J102,Tabelle2!$C$2:$C$241,0),1)) | Z102: =IF(K102="","",INDEX(Tabelle2!$A$2:$C$241,MATCH(K102,Tabelle2!$C$2:$C$241,0),1)) | ... AG102: =IF(R102="","",INDEX(Tabelle2!$A$2:$C$241,MATCH(R102,Tabelle2!$C$2:$C$241,0),1))
...

Sheet Tabelle2
A1: Notation | B1: UUID | C1: Label | D1: Label_en
A2: BNDG-A180 | B2: NORM-821ba04d-895d-3e45-970b-3a93d5a7ab7f | C2: Einband entfernt (mit Resten eines ursprünglichen Einbands) | D2: binding removed
A3: BNDG-A206 | B3: NORM-2ce4fc63-ba6e-3026-a440-62a4b8e9642f | C3: Fester Einband ohne Klappe | D3: binding without flap
A4: BNDG-A239 | B4: NORM-f3bd05cd-c31d-314b-bafa-cda21482d0c0 | C4: Einband vorhanden | D4: with binding
A5: BNDG-A284 | B5: NORM-e2f86653-17df-3aa8-98e6-19722454124c | C5: Einband ursprünglich nicht vorhanden | D5: originally without binding
A6: BNDG-A343 | B6: NORM-bdf90ca7-680c-3791-83c6-13ded902bd33 | C6: Loser Umschlag | D6: wrapper
A7: BNDG-A345 | B7: NORM-02dc5af4-364a-37b1-a035-aa54168f14c4 | C7: Fester Einband mit Klappe | D7: binding with flap
A8: BNDG-A415 | B8: NORM-c47f976e-aba5-36ad-8a0e-d962b14d01e8 | C8: Flexibler Einband ohne Klappe | D8: limp binding without flap
A9: BNDG-A460 | B9: NORM-1727e64f-d87c-34a8-a07c-ae1d6d569d71 | C9: Einband nicht vorhanden | D9: without binding
A10: BNDG-A507 | B10: NORM-75d4cbe0-0e1f-3ed4-a01a-dc3bdf56493c | C10: Flexibler Einband | D10: limp binding
A11: BNDG-A532 | B11: NORM-ac703c4f-45c9-3940-9def-d71b8e5b5fc3 | C11: Fester Einband | D11: hardbound
A12: BNDG-A960 | B12: NORM-42f87478-1152-339d-8093-f78a56dc1e82 | C12: Flexibler Einband mit Klappe | D12: limp binding with flap
... A241: BNDG-X990 | B241: NORM-ca4cd5ac-19e8-30f3-bd9c-2e182b57a8f7 | C241: Kalbsledereinband | D241: calfskin binding
