Workbook

Sheet Tabelle1
A1: Indexfeld | B1: Begriff im Indexfeld | C1: Anzahl Vorkommnisse | D1: Zugewiesener Thesaurus-/Fachbegriff | E1: Zugewiesener Thesaurus-/Fachbegriff | F1: Zugewiesener Thesaurus-/Fachbegriff | G1: Zugewiesener Thesaurus-/Fachbegriff | H1: Zugewiesener Thesaurus-/Fachbegriff | I1: Zugewiesener Thesaurus-/Fachbegriff | J1: Zugewiesener Thesaurus-/Fachbegriff | K1: Zugewiesener Thesaurus-/Fachbegriff | L1: Zugewiesener Thesaurus-/Fachbegriff | M1: Zugewiesener Thesaurus-/Fachbegriff | N1: Zugewiesener Thesaurus-/Fachbegriff | O1: Zugewiesener Thesaurus-/Fachbegriff | P1: Zugewiesener Thesaurus-/Fachbegriff | Q1: Zugewiesener Thesaurus-/Fachbegriff | R1: Zugewiesener Thesaurus-/Fachbegriff | S1: Notation | T1: Notation | U1: Notation | V1: Notation | W1: Notation | X1: Notation | Y1: Notation | Z1: Notation | AA1: Notation | AB1: Notation | AC1: Notation | AD1: Notation | AE1: Notation | AF1: Notation | AG1: Notation
A2: 5710 | B2: Helmst. 389 ist sehr wahrscheinlich ein westfälischer Text, eventuell aus dem Grenzgebiet mit dem Nordniederdeutschen (Langbroek, Die Sprache [siehe unten], 209). | D2: Westfälisch | E2: Nordniederdeutsch | T2: =IF(D2="","",INDEX(Tabelle2!$A$2:$B$74,MATCH(D2,Tabelle2!$B$2:$B$74,0),1)) -> WRLA-A100 | U2: =IF(E2="","",INDEX(Tabelle2!$A$2:$B$74,MATCH(E2,Tabelle2!$B$2:$B$74,0),1)) -> WRLA-A496 | V2: =IF(F2="","",INDEX(Tabelle2!$A$2:$B$74,MATCH(F2,Tabelle2!$B$2:$B$74,0),1)) | W2: =IF(G2="","",INDEX(Tabelle2!$A$2:$B$74,MATCH(G2,Tabelle2!$B$2:$B$74,0),1))
A3: 5710 | B3: (nord?)bairisch | D3: Bairisch | T3: =IF(D3="","",INDEX(Tabelle2!$A$2:$B$74,MATCH(D3,Tabelle2!$B$2:$B$74,0),1)) -> WRLA-A523 | U3: =IF(E3="","",INDEX(Tabelle2!$A$2:$B$74,MATCH(E3,Tabelle2!$B$2:$B$74,0),1)) | V3: =IF(F3="","",INDEX(Tabelle2!$A$2:$B$74,MATCH(F3,Tabelle2!$B$2:$B$74,0),1)) | W3: =IF(G3="","",INDEX(Tabelle2!$A$2:$B$74,MATCH(G3,Tabelle2!$B$2:$B$74,0),1))
A4: 5710 | B4: (ost)mitteldeutsch mit einigen bairischen Schreibeigentümlichkeiten. | D4: Ostmitteldeutsch | E4: Bairisch | T4: =IF(D4="","",INDEX(Tabelle2!$A$2:$B$74,MATCH(D4,Tabelle2!$B$2:$B$74,0),1)) -> WRLA-A659 | U4: =IF(E4="","",INDEX(Tabelle2!$A$2:$B$74,MATCH(E4,Tabelle2!$B$2:$B$74,0),1)) -> WRLA-A523 | V4: =IF(F4="","",INDEX(Tabelle2!$A$2:$B$74,MATCH(F4,Tabelle2!$B$2:$B$74,0),1)) | W4: =IF(G4="","",INDEX(Tabelle2!$A$2:$B$74,MATCH(G4,Tabelle2!$B$2:$B$74,0),1)) | AB4: =IF(M4="","",INDEX(Tabelle2!$A$2:$B$239,MATCH(M4,Tabelle2!$B$2:$B$239,0),1)) | AC4: =IF(N4="","",INDEX(Tabelle2!$A$2:$B$239,MATCH(N4,Tabelle2!$B$2:$B$239,0),1)) | AD4: =IF(O4="","",INDEX(Tabelle2!$A$2:$B$239,MATCH(O4,Tabelle2!$B$2:$B$239,0),1)) | AE4: =IF(P4="","",INDEX(Tabelle2!$A$2:$B$239,MATCH(P4,Tabelle2!$B$2:$B$239,0),1)) | AF4: =IF(Q4="","",INDEX(Tabelle2!$A$2:$B$239,MATCH(Q4,Tabelle2!$B$2:$B$239,0),1)) | AG4: =IF(R4="","",INDEX(Tabelle2!$A$2:$B$239,MATCH(R4,Tabelle2!$B$2:$B$239,0),1))
A5: 5710 | B5: (ost)oberdeutsch mit wenigen mitteldeutschen Formen. | D5: Bairisch | E5: Mitteldeutsch | T5: =IF(D5="","",INDEX(Tabelle2!$A$2:$B$74,MATCH(D5,Tabelle2!$B$2:$B$74,0),1)) -> WRLA-A523 | U5: =IF(E5="","",INDEX(Tabelle2!$A$2:$B$74,MATCH(E5,Tabelle2!$B$2:$B$74,0),1)) -> WRLA-A129 | V5: =IF(F5="","",INDEX(Tabelle2!$A$2:$B$74,MATCH(F5,Tabelle2!$B$2:$B$74,0),1)) | W5: =IF(G5="","",INDEX(Tabelle2!$A$2:$B$74,MATCH(G5,Tabelle2!$B$2:$B$74,0),1))
A6: 5710 | B6: alemanisch | D6: Alemannisch | T6: =IF(D6="","",INDEX(Tabelle2!$A$2:$B$74,MATCH(D6,Tabelle2!$B$2:$B$74,0),1)) -> WRLA-A317 | U6: =IF(E6="","",INDEX(Tabelle2!$A$2:$B$74,MATCH(E6,Tabelle2!$B$2:$B$74,0),1)) | V6: =IF(F6="","",INDEX(Tabelle2!$A$2:$B$74,MATCH(F6,Tabelle2!$B$2:$B$74,0),1)) | W6: =IF(G6="","",INDEX(Tabelle2!$A$2:$B$74,MATCH(G6,Tabelle2!$B$2:$B$74,0),1))
A7: 5710 | B7: alemannisch | D7: Alemannisch | T7: =IF(D7="","",INDEX(Tabelle2!$A$2:$B$74,MATCH(D7,Tabelle2!$B$2:$B$74,0),1)) -> WRLA-A317 | U7: =IF(E7="","",INDEX(Tabelle2!$A$2:$B$74,MATCH(E7,Tabelle2!$B$2:$B$74,0),1)) | V7: =IF(F7="","",INDEX(Tabelle2!$A$2:$B$74,MATCH(F7,Tabelle2!$B$2:$B$74,0),1)) | W7: =IF(G7="","",INDEX(Tabelle2!$A$2:$B$74,MATCH(G7,Tabelle2!$B$2:$B$74,0),1))
A8: 5710 | B8: alemannisch, Rezepte teilweise mit mitteldeutschen Formen. | D8: Alemannisch | E8: Mitteldeutsch | T8: =IF(D8="","",INDEX(Tabelle2!$A$2:$B$74,MATCH(D8,Tabelle2!$B$2:$B$74,0),1)) -> WRLA-A317 | U8: =IF(E8="","",INDEX(Tabelle2!$A$2:$B$74,MATCH(E8,Tabelle2!$B$2:$B$74,0),1)) -> WRLA-A129 | V8: =IF(F8="","",INDEX(Tabelle2!$A$2:$B$74,MATCH(F8,Tabelle2!$B$2:$B$74,0),1)) | W8: =IF(G8="","",INDEX(Tabelle2!$A$2:$B$74,MATCH(G8,Tabelle2!$B$2:$B$74,0),1))
A9: 5710 | B9: alemannisch? | D9: Alemannisch | T9: =IF(D9="","",INDEX(Tabelle2!$A$2:$B$74,MATCH(D9,Tabelle2!$B$2:$B$74,0),1)) -> WRLA-A317 | U9: =IF(E9="","",INDEX(Tabelle2!$A$2:$B$74,MATCH(E9,Tabelle2!$B$2:$B$74,0),1)) | V9: =IF(F9="","",INDEX(Tabelle2!$A$2:$B$74,MATCH(F9,Tabelle2!$B$2:$B$74,0),1)) | W9: =IF(G9="","",INDEX(Tabelle2!$A$2:$B$74,MATCH(G9,Tabelle2!$B$2:$B$74,0),1))
A10: 5710 | B10: alemannisch? / | D10: Alemannisch | T10: =IF(D10="","",INDEX(Tabelle2!$A$2:$B$74,MATCH(D10,Tabelle2!$B$2:$B$74,0),1)) -> WRLA-A317 | U10: =IF(E10="","",INDEX(Tabelle2!$A$2:$B$74,MATCH(E10,Tabelle2!$B$2:$B$74,0),1)) | V10: =IF(F10="","",INDEX(Tabelle2!$A$2:$B$74,MATCH(F10,Tabelle2!$B$2:$B$74,0),1)) | W10: =IF(G10="","",INDEX(Tabelle2!$A$2:$B$74,MATCH(G10,Tabelle2!$B$2:$B$74,0),1))
A11: 5710 | B11: alemannisch / | D11: Alemannisch | T11: =IF(D11="","",INDEX(Tabelle2!$A$2:$B$74,MATCH(D11,Tabelle2!$B$2:$B$74,0),1)) -> WRLA-A317 | U11: =IF(E11="","",INDEX(Tabelle2!$A$2:$B$74,MATCH(E11,Tabelle2!$B$2:$B$74,0),1)) | V11: =IF(F11="","",INDEX(Tabelle2!$A$2:$B$74,MATCH(F11,Tabelle2!$B$2:$B$74,0),1)) | W11: =IF(G11="","",INDEX(Tabelle2!$A$2:$B$74,MATCH(G11,Tabelle2!$B$2:$B$74,0),1))
A12: 5710 | B12: alemannisch/schwäbisch | D12: Alemannisch | E12: Schwäbisch | T12: =IF(D12="","",INDEX(Tabelle2!$A$2:$B$74,MATCH(D12,Tabelle2!$B$2:$B$74,0),1)) -> WRLA-A317 | U12: =IF(E12="","",INDEX(Tabelle2!$A$2:$B$74,MATCH(E12,Tabelle2!$B$2:$B$74,0),1)) -> WRLA-A273 | V12: =IF(F12="","",INDEX(Tabelle2!$A$2:$B$74,MATCH(F12,Tabelle2!$B$2:$B$74,0),1)) | W12: =IF(G12="","",INDEX(Tabelle2!$A$2:$B$74,MATCH(G12,Tabelle2!$B$2:$B$74,0),1))
A13: 5710 | B13: alemannisch. | D13: Alemannisch | T13: =IF(D13="","",INDEX(Tabelle2!$A$2:$B$74,MATCH(D13,Tabelle2!$B$2:$B$74,0),1)) -> WRLA-A317 | U13: =IF(E13="","",INDEX(Tabelle2!$A$2:$B$74,MATCH(E13,Tabelle2!$B$2:$B$74,0),1)) | V13: =IF(F13="","",INDEX(Tabelle2!$A$2:$B$74,MATCH(F13,Tabelle2!$B$2:$B$74,0),1)) | W13: =IF(G13="","",INDEX(Tabelle2!$A$2:$B$74,MATCH(G13,Tabelle2!$B$2:$B$74,0),1))
A14: 5710 | B14: alemannisch ((317recto/verso) | D14: Alemannisch | T14: =IF(D14="","",INDEX(Tabelle2!$A$2:$B$74,MATCH(D14,Tabelle2!$B$2:$B$74,0),1)) -> WRLA-A317 | U14: =IF(E14="","",INDEX(Tabelle2!$A$2:$B$74,MATCH(E14,Tabelle2!$B$2:$B$74,0),1)) | V14: =IF(F14="","",INDEX(Tabelle2!$A$2:$B$74,MATCH(F14,Tabelle2!$B$2:$B$74,0),1)) | W14: =IF(G14="","",INDEX(Tabelle2!$A$2:$B$74,MATCH(G14,Tabelle2!$B$2:$B$74,0),1))
A15: 5710 | B15: alemannisch (28verso-42recto) | D15: Alemannisch | T15: =IF(D15="","",INDEX(Tabelle2!$A$2:$B$74,MATCH(D15,Tabelle2!$B$2:$B$74,0),1)) -> WRLA-A317 | U15: =IF(E15="","",INDEX(Tabelle2!$A$2:$B$74,MATCH(E15,Tabelle2!$B$2:$B$74,0),1)) | V15: =IF(F15="","",INDEX(Tabelle2!$A$2:$B$74,MATCH(F15,Tabelle2!$B$2:$B$74,0),1)) | W15: =IF(G15="","",INDEX(Tabelle2!$A$2:$B$74,MATCH(G15,Tabelle2!$B$2:$B$74,0),1))
A16: 5710 | B16: alemannisch-bairisch | D16: Alemannisch | E16: Bairisch | T16: =IF(D16="","",INDEX(Tabelle2!$A$2:$B$74,MATCH(D16,Tabelle2!$B$2:$B$74,0),1)) -> WRLA-A317 | U16: =IF(E16="","",INDEX(Tabelle2!$A$2:$B$74,MATCH(E16,Tabelle2!$B$2:$B$74,0),1)) -> WRLA-A523 | V16: =IF(F16="","",INDEX(Tabelle2!$A$2:$B$74,MATCH(F16,Tabelle2!$B$2:$B$74,0),1)) | W16: =IF(G16="","",INDEX(Tabelle2!$A$2:$B$74,MATCH(G16,Tabelle2!$B$2:$B$74,0),1))
A17: 5710 | B17: alemannische | D17: Alemannisch | T17: =IF(D17="","",INDEX(Tabelle2!$A$2:$B$74,MATCH(D17,Tabelle2!$B$2:$B$74,0),1)) -> WRLA-A317 | U17: =IF(E17="","",INDEX(Tabelle2!$A$2:$B$74,MATCH(E17,Tabelle2!$B$2:$B$74,0),1)) | V17: =IF(F17="","",INDEX(Tabelle2!$A$2:$B$74,MATCH(F17,Tabelle2!$B$2:$B$74,0),1)) | W17: =IF(G17="","",INDEX(Tabelle2!$A$2:$B$74,MATCH(G17,Tabelle2!$B$2:$B$74,0),1))
A18: 5710 | B18: alemannisch-elsässisch | D18: Alemannisch | E18: Elsässisch | T18: =IF(D18="","",INDEX(Tabelle2!$A$2:$B$74,MATCH(D18,Tabelle2!$B$2:$B$74,0),1)) -> WRLA-A317 | U18: =IF(E18="","",INDEX(Tabelle2!$A$2:$B$74,MATCH(E18,Tabelle2!$B$2:$B$74,0),1)) -> WRLA-A326 | V18: =IF(F18="","",INDEX(Tabelle2!$A$2:$B$74,MATCH(F18,Tabelle2!$B$2:$B$74,0),1)) | W18: =IF(G18="","",INDEX(Tabelle2!$A$2:$B$74,MATCH(G18,Tabelle2!$B$2:$B$74,0),1))
A19: 5710 | B19: alemannisch-fränkisch | D19: Alemannisch | E19: Nordoberdeutsch | T19: =IF(D19="","",INDEX(Tabelle2!$A$2:$B$74,MATCH(D19,Tabelle2!$B$2:$B$74,0),1)) -> WRLA-A317 | U19: =IF(E19="","",INDEX(Tabelle2!$A$2:$B$74,MATCH(E19,Tabelle2!$B$2:$B$74,0),1)) -> WRLA-A551 | V19: =IF(F19="","",INDEX(Tabelle2!$A$2:$B$74,MATCH(F19,Tabelle2!$B$2:$B$74,0),1)) | W19: =IF(G19="","",INDEX(Tabelle2!$A$2:$B$74,MATCH(G19,Tabelle2!$B$2:$B$74,0),1))
A20: 5710 | B20: alemannisch mit schwäbischen Formen | D20: Alemannisch | E20: Schwäbisch | T20: =IF(D20="","",INDEX(Tabelle2!$A$2:$B$74,MATCH(D20,Tabelle2!$B$2:$B$74,0),1)) -> WRLA-A317 | U20: =IF(E20="","",INDEX(Tabelle2!$A$2:$B$74,MATCH(E20,Tabelle2!$B$2:$B$74,0),1)) -> WRLA-A273 | V20: =IF(F20="","",INDEX(Tabelle2!$A$2:$B$74,MATCH(F20,Tabelle2!$B$2:$B$74,0),1)) | W20: =IF(G20="","",INDEX(Tabelle2!$A$2:$B$74,MATCH(G20,Tabelle2!$B$2:$B$74,0),1))
A21: 5710 | B21: alemannisch mit schwäbischen Formen und Schreibeigentümlichkeiten. | D21: Alemannisch | E21: Schwäbisch | T21: =IF(D21="","",INDEX(Tabelle2!$A$2:$B$74,MATCH(D21,Tabelle2!$B$2:$B$74,0),1)) -> WRLA-A317 | U21: =IF(E21="","",INDEX(Tabelle2!$A$2:$B$74,MATCH(E21,Tabelle2!$B$2:$B$74,0),1)) -> WRLA-A273 | V21: =IF(F21="","",INDEX(Tabelle2!$A$2:$B$74,MATCH(F21,Tabelle2!$B$2:$B$74,0),1)) | W21: =IF(G21="","",INDEX(Tabelle2!$A$2:$B$74,MATCH(G21,Tabelle2!$B$2:$B$74,0),1))
A22: 5710 | B22: alemannisch-schwäbisch | D22: Alemannisch | E22: Schwäbisch | T22: =IF(D22="","",INDEX(Tabelle2!$A$2:$B$74,MATCH(D22,Tabelle2!$B$2:$B$74,0),1)) -> WRLA-A317 | U22: =IF(E22="","",INDEX(Tabelle2!$A$2:$B$74,MATCH(E22,Tabelle2!$B$2:$B$74,0),1)) -> WRLA-A273 | V22: =IF(F22="","",INDEX(Tabelle2!$A$2:$B$74,MATCH(F22,Tabelle2!$B$2:$B$74,0),1)) | W22: =IF(G22="","",INDEX(Tabelle2!$A$2:$B$74,MATCH(G22,Tabelle2!$B$2:$B$74,0),1))
A23: 5710 | B23: bairisch | D23: Bairisch | T23: =IF(D23="","",INDEX(Tabelle2!$A$2:$B$74,MATCH(D23,Tabelle2!$B$2:$B$74,0),1)) -> WRLA-A523 | U23: =IF(E23="","",INDEX(Tabelle2!$A$2:$B$74,MATCH(E23,Tabelle2!$B$2:$B$74,0),1)) | V23: =IF(F23="","",INDEX(Tabelle2!$A$2:$B$74,MATCH(F23,Tabelle2!$B$2:$B$74,0),1)) | W23: =IF(G23="","",INDEX(Tabelle2!$A$2:$B$74,MATCH(G23,Tabelle2!$B$2:$B$74,0),1))
A24: 5710 | B24: Bairisch | D24: Bairisch | T24: =IF(D24="","",INDEX(Tabelle2!$A$2:$B$74,MATCH(D24,Tabelle2!$B$2:$B$74,0),1)) -> WRLA-A523 | U24: =IF(E24="","",INDEX(Tabelle2!$A$2:$B$74,MATCH(E24,Tabelle2!$B$2:$B$74,0),1)) | V24: =IF(F24="","",INDEX(Tabelle2!$A$2:$B$74,MATCH(F24,Tabelle2!$B$2:$B$74,0),1)) | W24: =IF(G24="","",INDEX(Tabelle2!$A$2:$B$74,MATCH(G24,Tabelle2!$B$2:$B$74,0),1))
A25: 5710 | B25: bairisch? | D25: Bairisch | T25: =IF(D25="","",INDEX(Tabelle2!$A$2:$B$74,MATCH(D25,Tabelle2!$B$2:$B$74,0),1)) -> WRLA-A523 | U25: =IF(E25="","",INDEX(Tabelle2!$A$2:$B$74,MATCH(E25,Tabelle2!$B$2:$B$74,0),1)) | V25: =IF(F25="","",INDEX(Tabelle2!$A$2:$B$74,MATCH(F25,Tabelle2!$B$2:$B$74,0),1)) | W25: =IF(G25="","",INDEX(Tabelle2!$A$2:$B$74,MATCH(G25,Tabelle2!$B$2:$B$74,0),1))
A26: 5710 | B26: bairisch? (althochdeutsch) | D26: Bairisch | T26: =IF(D26="","",INDEX(Tabelle2!$A$2:$B$74,MATCH(D26,Tabelle2!$B$2:$B$74,0),1)) -> WRLA-A523 | U26: =IF(E26="","",INDEX(Tabelle2!$A$2:$B$74,MATCH(E26,Tabelle2!$B$2:$B$74,0),1)) | V26: =IF(F26="","",INDEX(Tabelle2!$A$2:$B$74,MATCH(F26,Tabelle2!$B$2:$B$74,0),1)) | W26: =IF(G26="","",INDEX(Tabelle2!$A$2:$B$74,MATCH(G26,Tabelle2!$B$2:$B$74,0),1))
A27: 5710 | B27: bairisch / | D27: Bairisch | T27: =IF(D27="","",INDEX(Tabelle2!$A$2:$B$74,MATCH(D27,Tabelle2!$B$2:$B$74,0),1)) -> WRLA-A523 | U27: =IF(E27="","",INDEX(Tabelle2!$A$2:$B$74,MATCH(E27,Tabelle2!$B$2:$B$74,0),1)) | V27: =IF(F27="","",INDEX(Tabelle2!$A$2:$B$74,MATCH(F27,Tabelle2!$B$2:$B$74,0),1)) | W27: =IF(G27="","",INDEX(Tabelle2!$A$2:$B$74,MATCH(G27,Tabelle2!$B$2:$B$74,0),1))
A28: 5710 | B28: bairisch (Hand I) | D28: Bairisch | T28: =IF(D28="","",INDEX(Tabelle2!$A$2:$B$74,MATCH(D28,Tabelle2!$B$2:$B$74,0),1)) -> WRLA-A523 | U28: =IF(E28="","",INDEX(Tabelle2!$A$2:$B$74,MATCH(E28,Tabelle2!$B$2:$B$74,0),1)) | V28: =IF(F28="","",INDEX(Tabelle2!$A$2:$B$74,MATCH(F28,Tabelle2!$B$2:$B$74,0),1)) | W28: =IF(G28="","",INDEX(Tabelle2!$A$2:$B$74,MATCH(G28,Tabelle2!$B$2:$B$74,0),1))
A29: 5710 | B29: bairisch (Hand II-IV) | D29: Bairisch | T29: =IF(D29="","",INDEX(Tabelle2!$A$2:$B$74,MATCH(D29,Tabelle2!$B$2:$B$74,0),1)) -> WRLA-A523 | U29: =IF(E29="","",INDEX(Tabelle2!$A$2:$B$74,MATCH(E29,Tabelle2!$B$2:$B$74,0),1)) | V29: =IF(F29="","",INDEX(Tabelle2!$A$2:$B$74,MATCH(F29,Tabelle2!$B$2:$B$74,0),1)) | W29: =IF(G29="","",INDEX(Tabelle2!$A$2:$B$74,MATCH(G29,Tabelle2!$B$2:$B$74,0),1))
A30: 5710 | B30: bairisch (III.a.-b.), hochdeutsch mit wenigen spezifisch bairischen Formen (III.c.). | D30: Bairisch | T30: =IF(D30="","",INDEX(Tabelle2!$A$2:$B$74,MATCH(D30,Tabelle2!$B$2:$B$74,0),1)) -> WRLA-A523 | U30: =IF(E30="","",INDEX(Tabelle2!$A$2:$B$74,MATCH(E30,Tabelle2!$B$2:$B$74,0),1)) | V30: =IF(F30="","",INDEX(Tabelle2!$A$2:$B$74,MATCH(F30,Tabelle2!$B$2:$B$74,0),1)) | W30: =IF(G30="","",INDEX(Tabelle2!$A$2:$B$74,MATCH(G30,Tabelle2!$B$2:$B$74,0),1))
A31: 5710 | B31: bairisch (Vorlage?) mit wenigen ostfränkischen Formen (113rectoa-151rectob) | D31: Bairisch | E31: Ostfränkisch | T31: =IF(D31="","",INDEX(Tabelle2!$A$2:$B$74,MATCH(D31,Tabelle2!$B$2:$B$74,0),1)) -> WRLA-A523 | U31: =IF(E31="","",INDEX(Tabelle2!$A$2:$B$74,MATCH(E31,Tabelle2!$B$2:$B$74,0),1)) -> WRLA-A139 | V31: =IF(F31="","",INDEX(Tabelle2!$A$2:$B$74,MATCH(F31,Tabelle2!$B$2:$B$74,0),1)) | W31: =IF(G31="","",INDEX(Tabelle2!$A$2:$B$74,MATCH(G31,Tabelle2!$B$2:$B$74,0),1))
A32: 5710 | B32: bairische Mundart | D32: Bairisch | T32: =IF(D32="","",INDEX(Tabelle2!$A$2:$B$74,MATCH(D32,Tabelle2!$B$2:$B$74,0),1)) -> WRLA-A523 | U32: =IF(E32="","",INDEX(Tabelle2!$A$2:$B$74,MATCH(E32,Tabelle2!$B$2:$B$74,0),1)) | V32: =IF(F32="","",INDEX(Tabelle2!$A$2:$B$74,MATCH(F32,Tabelle2!$B$2:$B$74,0),1)) | W32: =IF(G32="","",INDEX(Tabelle2!$A$2:$B$74,MATCH(G32,Tabelle2!$B$2:$B$74,0),1))
A33: 5710 | B33: bairischen Schreibeigentümlichkeiten | D33: Bairisch | T33: =IF(D33="","",INDEX(Tabelle2!$A$2:$B$74,MATCH(D33,Tabelle2!$B$2:$B$74,0),1)) -> WRLA-A523 | U33: =IF(E33="","",INDEX(Tabelle2!$A$2:$B$74,MATCH(E33,Tabelle2!$B$2:$B$74,0),1)) | V33: =IF(F33="","",INDEX(Tabelle2!$A$2:$B$74,MATCH(F33,Tabelle2!$B$2:$B$74,0),1)) | W33: =IF(G33="","",INDEX(Tabelle2!$A$2:$B$74,MATCH(G33,Tabelle2!$B$2:$B$74,0),1))
A34: 5710 | B34: bairisch mit fränkischen Elementen | D34: Bairisch | E34: Nordoberdeutsch | T34: =IF(D34="","",INDEX(Tabelle2!$A$2:$B$74,MATCH(D34,Tabelle2!$B$2:$B$74,0),1)) -> WRLA-A523 | U34: =IF(E34="","",INDEX(Tabelle2!$A$2:$B$74,MATCH(E34,Tabelle2!$B$2:$B$74,0),1)) -> WRLA-A551 | V34: =IF(F34="","",INDEX(Tabelle2!$A$2:$B$74,MATCH(F34,Tabelle2!$B$2:$B$74,0),1)) | W34: =IF(G34="","",INDEX(Tabelle2!$A$2:$B$74,MATCH(G34,Tabelle2!$B$2:$B$74,0),1))
A35: 5710 | B35: bairisch mit mitteldeutschen Einflüssen | D35: Bairisch | E35: Mitteldeutsch | T35: =IF(D35="","",INDEX(Tabelle2!$A$2:$B$74,MATCH(D35,Tabelle2!$B$2:$B$74,0),1)) -> WRLA-A523 | U35: =IF(E35="","",INDEX(Tabelle2!$A$2:$B$74,MATCH(E35,Tabelle2!$B$2:$B$74,0),1)) -> WRLA-A129 | V35: =IF(F35="","",INDEX(Tabelle2!$A$2:$B$74,MATCH(F35,Tabelle2!$B$2:$B$74,0),1)) | W35: =IF(G35="","",INDEX(Tabelle2!$A$2:$B$74,MATCH(G35,Tabelle2!$B$2:$B$74,0),1))
A36: 5710 | B36: bairisch mit mitteldeutschen Formen | D36: Bairisch | E36: Mitteldeutsch | T36: =IF(D36="","",INDEX(Tabelle2!$A$2:$B$74,MATCH(D36,Tabelle2!$B$2:$B$74,0),1)) -> WRLA-A523 | U36: =IF(E36="","",INDEX(Tabelle2!$A$2:$B$74,MATCH(E36,Tabelle2!$B$2:$B$74,0),1)) -> WRLA-A129 | V36: =IF(F36="","",INDEX(Tabelle2!$A$2:$B$74,MATCH(F36,Tabelle2!$B$2:$B$74,0),1)) | W36: =IF(G36="","",INDEX(Tabelle2!$A$2:$B$74,MATCH(G36,Tabelle2!$B$2:$B$74,0),1))
A37: 5710 | B37: bairisch mit mitteldeutschen und wenigen alemannischen und schwäbischen Formen | D37: Bairisch | E37: Mitteldeutsch | F37: Alemannisch | G37: Schwäbisch | T37: =IF(D37="","",INDEX(Tabelle2!$A$2:$B$74,MATCH(D37,Tabelle2!$B$2:$B$74,0),1)) -> WRLA-A523 | U37: =IF(E37="","",INDEX(Tabelle2!$A$2:$B$74,MATCH(E37,Tabelle2!$B$2:$B$74,0),1)) -> WRLA-A129 | V37: =IF(F37="","",INDEX(Tabelle2!$A$2:$B$74,MATCH(F37,Tabelle2!$B$2:$B$74,0),1)) -> WRLA-A317 | W37: =IF(G37="","",INDEX(Tabelle2!$A$2:$B$74,MATCH(G37,Tabelle2!$B$2:$B$74,0),1)) -> WRLA-A273
A38: 5710 | B38: bairisch mit mittel- und niederdeutschen Formen | D38: Bairisch | E38: Mitteldeutsch | F38: Niederdeutsch | T38: =IF(D38="","",INDEX(Tabelle2!$A$2:$B$74,MATCH(D38,Tabelle2!$B$2:$B$74,0),1)) -> WRLA-A523 | U38: =IF(E38="","",INDEX(Tabelle2!$A$2:$B$74,MATCH(E38,Tabelle2!$B$2:$B$74,0),1)) -> WRLA-A129 | V38: =IF(F38="","",INDEX(Tabelle2!$A$2:$B$74,MATCH(F38,Tabelle2!$B$2:$B$74,0),1)) -> WRLA-A683 | W38: =IF(G38="","",INDEX(Tabelle2!$A$2:$B$74,MATCH(G38,Tabelle2!$B$2:$B$74,0),1))
A39: 5710 | B39: bairisch mit österreichischen Formen | D39: Mittel-/Südbairisch | T39: =IF(D39="","",INDEX(Tabelle2!$A$2:$B$74,MATCH(D39,Tabelle2!$B$2:$B$74,0),1)) -> WRLA-A928 | U39: =IF(E39="","",INDEX(Tabelle2!$A$2:$B$74,MATCH(E39,Tabelle2!$B$2:$B$74,0),1)) | V39: =IF(F39="","",INDEX(Tabelle2!$A$2:$B$74,MATCH(F39,Tabelle2!$B$2:$B$74,0),1)) | W39: =IF(G39="","",INDEX(Tabelle2!$A$2:$B$74,MATCH(G39,Tabelle2!$B$2:$B$74,0),1))
A40: 5710 | B40: bairisch mit schwäbischen Formen | D40: Bairisch | E40: Schwäbisch | T40: =IF(D40="","",INDEX(Tabelle2!$A$2:$B$74,MATCH(D40,Tabelle2!$B$2:$B$74,0),1)) -> WRLA-A523 | U40: =IF(E40="","",INDEX(Tabelle2!$A$2:$B$74,MATCH(E40,Tabelle2!$B$2:$B$74,0),1)) -> WRLA-A273 | V40: =IF(F40="","",INDEX(Tabelle2!$A$2:$B$74,MATCH(F40,Tabelle2!$B$2:$B$74,0),1)) | W40: =IF(G40="","",INDEX(Tabelle2!$A$2:$B$74,MATCH(G40,Tabelle2!$B$2:$B$74,0),1))
A41: 5710 | B41: bairisch mit wenigen mittelfränkischen | D41: Bairisch | E41: Mittelfränkisch | T41: =IF(D41="","",INDEX(Tabelle2!$A$2:$B$74,MATCH(D41,Tabelle2!$B$2:$B$74,0),1)) -> WRLA-A523 | U41: =IF(E41="","",INDEX(Tabelle2!$A$2:$B$74,MATCH(E41,Tabelle2!$B$2:$B$74,0),1)) -> WRLA-A851 | V41: =IF(F41="","",INDEX(Tabelle2!$A$2:$B$74,MATCH(F41,Tabelle2!$B$2:$B$74,0),1)) | W41: =IF(G41="","",INDEX(Tabelle2!$A$2:$B$74,MATCH(G41,Tabelle2!$B$2:$B$74,0),1))
A42: 5710 | B42: bairisch mit wenigen schwäbisch-alemannischen Formen. | D42: Bairisch | E42: Schwäbisch | F42: Alemannisch | T42: =IF(D42="","",INDEX(Tabelle2!$A$2:$B$74,MATCH(D42,Tabelle2!$B$2:$B$74,0),1)) -> WRLA-A523 | U42: =IF(E42="","",INDEX(Tabelle2!$A$2:$B$74,MATCH(E42,Tabelle2!$B$2:$B$74,0),1)) -> WRLA-A273 | V42: =IF(F42="","",INDEX(Tabelle2!$A$2:$B$74,MATCH(F42,Tabelle2!$B$2:$B$74,0),1)) -> WRLA-A317 | W42: =IF(G42="","",INDEX(Tabelle2!$A$2:$B$74,MATCH(G42,Tabelle2!$B$2:$B$74,0),1))
A43: 5710 | B43: bairisch mit westmitteldeutschen Merkmalen | D43: Bairisch | E43: Westmitteldeutsch | T43: =IF(D43="","",INDEX(Tabelle2!$A$2:$B$74,MATCH(D43,Tabelle2!$B$2:$B$74,0),1)) -> WRLA-A523 | U43: =IF(E43="","",INDEX(Tabelle2!$A$2:$B$74,MATCH(E43,Tabelle2!$B$2:$B$74,0),1)) -> WRLA-A222 | V43: =IF(F43="","",INDEX(Tabelle2!$A$2:$B$74,MATCH(F43,Tabelle2!$B$2:$B$74,0),1)) | W43: =IF(G43="","",INDEX(Tabelle2!$A$2:$B$74,MATCH(G43,Tabelle2!$B$2:$B$74,0),1))
A44: 5710 | B44: bairisch-ostalemannisch | D44: Bairisch | E44: Ostalemannisch | T44: =IF(D44="","",INDEX(Tabelle2!$A$2:$B$74,MATCH(D44,Tabelle2!$B$2:$B$74,0),1)) -> WRLA-A523 | U44: =IF(E44="","",INDEX(Tabelle2!$A$2:$B$74,MATCH(E44,Tabelle2!$B$2:$B$74,0),1)) -> WRLA-A640 | V44: =IF(F44="","",INDEX(Tabelle2!$A$2:$B$74,MATCH(F44,Tabelle2!$B$2:$B$74,0),1)) | W44: =IF(G44="","",INDEX(Tabelle2!$A$2:$B$74,MATCH(G44,Tabelle2!$B$2:$B$74,0),1))
A45: 5710 | B45: bairisch-ostalemannisch mit mittel- und niederdeutschen Formen | D45: Bairisch | E45: Ostalemannisch | F45: Mitteldeutsch | G45: Niederdeutsch | T45: =IF(D45="","",INDEX(Tabelle2!$A$2:$B$74,MATCH(D45,Tabelle2!$B$2:$B$74,0),1)) -> WRLA-A523 | U45: =IF(E45="","",INDEX(Tabelle2!$A$2:$B$74,MATCH(E45,Tabelle2!$B$2:$B$74,0),1)) -> WRLA-A640 | V45: =IF(F45="","",INDEX(Tabelle2!$A$2:$B$74,MATCH(F45,Tabelle2!$B$2:$B$74,0),1)) -> WRLA-A129 | W45: =IF(G45="","",INDEX(Tabelle2!$A$2:$B$74,MATCH(G45,Tabelle2!$B$2:$B$74,0),1)) -> WRLA-A683
A46: 5710 | B46: bairisch-österreichisch | D46: Mittel-/Südbairisch | T46: =IF(D46="","",INDEX(Tabelle2!$A$2:$B$74,MATCH(D46,Tabelle2!$B$2:$B$74,0),1)) -> WRLA-A928 | U46: =IF(E46="","",INDEX(Tabelle2!$A$2:$B$74,MATCH(E46,Tabelle2!$B$2:$B$74,0),1)) | V46: =IF(F46="","",INDEX(Tabelle2!$A$2:$B$74,MATCH(F46,Tabelle2!$B$2:$B$74,0),1)) | W46: =IF(G46="","",INDEX(Tabelle2!$A$2:$B$74,MATCH(G46,Tabelle2!$B$2:$B$74,0),1))
A47: 5710 | B47: Bairisch-österreichisch | D47: Mittel-/Südbairisch | T47: =IF(D47="","",INDEX(Tabelle2!$A$2:$B$74,MATCH(D47,Tabelle2!$B$2:$B$74,0),1)) -> WRLA-A928 | U47: =IF(E47="","",INDEX(Tabelle2!$A$2:$B$74,MATCH(E47,Tabelle2!$B$2:$B$74,0),1)) | V47: =IF(F47="","",INDEX(Tabelle2!$A$2:$B$74,MATCH(F47,Tabelle2!$B$2:$B$74,0),1)) | W47: =IF(G47="","",INDEX(Tabelle2!$A$2:$B$74,MATCH(G47,Tabelle2!$B$2:$B$74,0),1))
A48: 5710 | B48: bairisch-österreichisch (Rassek, S. 15f.) | D48: Mittel-/Südbairisch | T48: =IF(D48="","",INDEX(Tabelle2!$A$2:$B$74,MATCH(D48,Tabelle2!$B$2:$B$74,0),1)) -> WRLA-A928 | U48: =IF(E48="","",INDEX(Tabelle2!$A$2:$B$74,MATCH(E48,Tabelle2!$B$2:$B$74,0),1)) | V48: =IF(F48="","",INDEX(Tabelle2!$A$2:$B$74,MATCH(F48,Tabelle2!$B$2:$B$74,0),1)) | W48: =IF(G48="","",INDEX(Tabelle2!$A$2:$B$74,MATCH(G48,Tabelle2!$B$2:$B$74,0),1))
A49: 5710 | B49: bairisch-ostfränkisch | D49: Bairisch | E49: Ostfränkisch | T49: =IF(D49="","",INDEX(Tabelle2!$A$2:$B$74,MATCH(D49,Tabelle2!$B$2:$B$74,0),1)) -> WRLA-A523 | U49: =IF(E49="","",INDEX(Tabelle2!$A$2:$B$74,MATCH(E49,Tabelle2!$B$2:$B$74,0),1)) -> WRLA-A139 | V49: =IF(F49="","",INDEX(Tabelle2!$A$2:$B$74,MATCH(F49,Tabelle2!$B$2:$B$74,0),1)) | W49: =IF(G49="","",INDEX(Tabelle2!$A$2:$B$74,MATCH(G49,Tabelle2!$B$2:$B$74,0),1))
A50: 5710 | B50: bairisch-ostschwäbisch | D50: Bairisch | E50: Ostschwäbisch | T50: =IF(D50="","",INDEX(Tabelle2!$A$2:$B$74,MATCH(D50,Tabelle2!$B$2:$B$74,0),1)) -> WRLA-A523 | U50: =IF(E50="","",INDEX(Tabelle2!$A$2:$B$74,MATCH(E50,Tabelle2!$B$2:$B$74,0),1)) -> WRLA-A482 | V50: =IF(F50="","",INDEX(Tabelle2!$A$2:$B$74,MATCH(F50,Tabelle2!$B$2:$B$74,0),1)) | W50: =IF(G50="","",INDEX(Tabelle2!$A$2:$B$74,MATCH(G50,Tabelle2!$B$2:$B$74,0),1))
A51: 5710 | B51: bairisch-ostschwäbisch (Augsburg) | D51: Bairisch | E51: Augsburgisch | T51: =IF(D51="","",INDEX(Tabelle2!$A$2:$B$74,MATCH(D51,Tabelle2!$B$2:$B$74,0),1)) -> WRLA-A523 | U51: =IF(E51="","",INDEX(Tabelle2!$A$2:$B$74,MATCH(E51,Tabelle2!$B$2:$B$74,0),1)) -> WRLA-A638 | V51: =IF(F51="","",INDEX(Tabelle2!$A$2:$B$74,MATCH(F51,Tabelle2!$B$2:$B$74,0),1)) | W51: =IF(G51="","",INDEX(Tabelle2!$A$2:$B$74,MATCH(G51,Tabelle2!$B$2:$B$74,0),1))
A52: 5710 | B52: bairisch-schwäbisch | D52: Bairisch | E52: Schwäbisch | T52: =IF(D52="","",INDEX(Tabelle2!$A$2:$B$74,MATCH(D52,Tabelle2!$B$2:$B$74,0),1)) -> WRLA-A523 | U52: =IF(E52="","",INDEX(Tabelle2!$A$2:$B$74,MATCH(E52,Tabelle2!$B$2:$B$74,0),1)) -> WRLA-A273 | V52: =IF(F52="","",INDEX(Tabelle2!$A$2:$B$74,MATCH(F52,Tabelle2!$B$2:$B$74,0),1)) | W52: =IF(G52="","",INDEX(Tabelle2!$A$2:$B$74,MATCH(G52,Tabelle2!$B$2:$B$74,0),1))
A53: 5710 | B53: bambergisch | D53: Ostfränkisch | E53: Nordbairisch | T53: =IF(D53="","",INDEX(Tabelle2!$A$2:$B$74,MATCH(D53,Tabelle2!$B$2:$B$74,0),1)) -> WRLA-A139 | U53: =IF(E53="","",INDEX(Tabelle2!$A$2:$B$74,MATCH(E53,Tabelle2!$B$2:$B$74,0),1)) -> WRLA-A149 | V53: =IF(F53="","",INDEX(Tabelle2!$A$2:$B$74,MATCH(F53,Tabelle2!$B$2:$B$74,0),1)) | W53: =IF(G53="","",INDEX(Tabelle2!$A$2:$B$74,MATCH(G53,Tabelle2!$B$2:$B$74,0),1))
A54: 5710 | B54: Beginn lateinisch, sonst niederdeutsch. | D54: Niederdeutsch | T54: =IF(D54="","",INDEX(Tabelle2!$A$2:$B$74,MATCH(D54,Tabelle2!$B$2:$B$74,0),1)) -> WRLA-A683 | U54: =IF(E54="","",INDEX(Tabelle2!$A$2:$B$74,MATCH(E54,Tabelle2!$B$2:$B$74,0),1)) | V54: =IF(F54="","",INDEX(Tabelle2!$A$2:$B$74,MATCH(F54,Tabelle2!$B$2:$B$74,0),1)) | W54: =IF(G54="","",INDEX(Tabelle2!$A$2:$B$74,MATCH(G54,Tabelle2!$B$2:$B$74,0),1))
A55: 5710 | B55: beim 1. Teil hochdeutsch, beim 2. Teil lateinisch. | D55: Hochdeutsch | T55: =IF(D55="","",INDEX(Tabelle2!$A$2:$B$74,MATCH(D55,Tabelle2!$B$2:$B$74,0),1)) -> WRLA-A506 | U55: =IF(E55="","",INDEX(Tabelle2!$A$2:$B$74,MATCH(E55,Tabelle2!$B$2:$B$74,0),1)) | V55: =IF(F55="","",INDEX(Tabelle2!$A$2:$B$74,MATCH(F55,Tabelle2!$B$2:$B$74,0),1)) | W55: =IF(G55="","",INDEX(Tabelle2!$A$2:$B$74,MATCH(G55,Tabelle2!$B$2:$B$74,0),1))
A56: 5710 | B56: Bietet eine Reihe lateinischer Synonyma (vorangestellt) zu einem mittelniederdeutschen Begriff. | D56: Niederdeutsch | T56: =IF(D56="","",INDEX(Tabelle2!$A$2:$B$74,MATCH(D56,Tabelle2!$B$2:$B$74,0),1)) -> WRLA-A683 | U56: =IF(E56="","",INDEX(Tabelle2!$A$2:$B$74,MATCH(E56,Tabelle2!$B$2:$B$74,0),1)) | V56: =IF(F56="","",INDEX(Tabelle2!$A$2:$B$74,MATCH(F56,Tabelle2!$B$2:$B$74,0),1)) | W56: =IF(G56="","",INDEX(Tabelle2!$A$2:$B$74,MATCH(G56,Tabelle2!$B$2:$B$74,0),1))
A57: 5710 | B57: bodenseealemannisch | D57: Bodenseealemannisch | T57: =IF(D57="","",INDEX(Tabelle2!$A$2:$B$74,MATCH(D57,Tabelle2!$B$2:$B$74,0),1)) -> WRLA-A848 | U57: =IF(E57="","",INDEX(Tabelle2!$A$2:$B$74,MATCH(E57,Tabelle2!$B$2:$B$74,0),1)) | V57: =IF(F57="","",INDEX(Tabelle2!$A$2:$B$74,MATCH(F57,Tabelle2!$B$2:$B$74,0),1)) | W57: =IF(G57="","",INDEX(Tabelle2!$A$2:$B$74,MATCH(G57,Tabelle2!$B$2:$B$74,0),1))
A58: 5710 | B58: bodenseeschwäbisch | D58: Bodenseealemannisch | T58: =IF(D58="","",INDEX(Tabelle2!$A$2:$B$74,MATCH(D58,Tabelle2!$B$2:$B$74,0),1)) -> WRLA-A848 | U58: =IF(E58="","",INDEX(Tabelle2!$A$2:$B$74,MATCH(E58,Tabelle2!$B$2:$B$74,0),1)) | V58: =IF(F58="","",INDEX(Tabelle2!$A$2:$B$74,MATCH(F58,Tabelle2!$B$2:$B$74,0),1)) | W58: =IF(G58="","",INDEX(Tabelle2!$A$2:$B$74,MATCH(G58,Tabelle2!$B$2:$B$74,0),1))
A59: 5710 | B59: böhmisch | D59: Böhmisch | T59: =IF(D59="","",INDEX(Tabelle2!$A$2:$B$74,MATCH(D59,Tabelle2!$B$2:$B$74,0),1)) -> WRLA-A757 | U59: =IF(E59="","",INDEX(Tabelle2!$A$2:$B$74,MATCH(E59,Tabelle2!$B$2:$B$74,0),1)) | V59: =IF(F59="","",INDEX(Tabelle2!$A$2:$B$74,MATCH(F59,Tabelle2!$B$2:$B$74,0),1)) | W59: =IF(G59="","",INDEX(Tabelle2!$A$2:$B$74,MATCH(G59,Tabelle2!$B$2:$B$74,0),1))
A60: 5710 | B60: böhmisch? | D60: Böhmisch | T60: =IF(D60="","",INDEX(Tabelle2!$A$2:$B$74,MATCH(D60,Tabelle2!$B$2:$B$74,0),1)) -> WRLA-A757 | U60: =IF(E60="","",INDEX(Tabelle2!$A$2:$B$74,MATCH(E60,Tabelle2!$B$2:$B$74,0),1)) | V60: =IF(F60="","",INDEX(Tabelle2!$A$2:$B$74,MATCH(F60,Tabelle2!$B$2:$B$74,0),1)) | W60: =IF(G60="","",INDEX(Tabelle2!$A$2:$B$74,MATCH(G60,Tabelle2!$B$2:$B$74,0),1))
A61: 5710 | B61: Der Index enthält eine Liste lateinischer Deponentien, die nach Synonymgruppen geordnet und mit entsprechenden mittelniederdeutschen Übersetzungen und Anweisungen zur Rektion versehen sind. | D61: Niederdeutsch | T61: =IF(D61="","",INDEX(Tabelle2!$A$2:$B$74,MATCH(D61,Tabelle2!$B$2:$B$74,0),1)) -> WRLA-A683 | U61: =IF(E61="","",INDEX(Tabelle2!$A$2:$B$74,MATCH(E61,Tabelle2!$B$2:$B$74,0),1)) | V61: =IF(F61="","",INDEX(Tabelle2!$A$2:$B$74,MATCH(F61,Tabelle2!$B$2:$B$74,0),1)) | W61: =IF(G61="","",INDEX(Tabelle2!$A$2:$B$74,MATCH(G61,Tabelle2!$B$2:$B$74,0),1))
A62: 5710 | B62: Der Index enthält eine Liste lateinischer Verben mit ihren Komposita (das Grundwort ist tabellarisch vorangestellt, die Präfixe sind nachgeordnet) und den entsprechenden mittelniederdeutschen Übersetzungen. | D62: Niederdeutsch | T62: =IF(D62="","",INDEX(Tabelle2!$A$2:$B$74,MATCH(D62,Tabelle2!$B$2:$B$74,0),1)) -> WRLA-A683 | U62: =IF(E62="","",INDEX(Tabelle2!$A$2:$B$74,MATCH(E62,Tabelle2!$B$2:$B$74,0),1)) | V62: =IF(F62="","",INDEX(Tabelle2!$A$2:$B$74,MATCH(F62,Tabelle2!$B$2:$B$74,0),1)) | W62: =IF(G62="","",INDEX(Tabelle2!$A$2:$B$74,MATCH(G62,Tabelle2!$B$2:$B$74,0),1))
A63: 5710 | B63: Der Prolog ist mittelniederdeutsch. | D63: Niederdeutsch | T63: =IF(D63="","",INDEX(Tabelle2!$A$2:$B$74,MATCH(D63,Tabelle2!$B$2:$B$74,0),1)) -> WRLA-A683 | U63: =IF(E63="","",INDEX(Tabelle2!$A$2:$B$74,MATCH(E63,Tabelle2!$B$2:$B$74,0),1)) | V63: =IF(F63="","",INDEX(Tabelle2!$A$2:$B$74,MATCH(F63,Tabelle2!$B$2:$B$74,0),1)) | W63: =IF(G63="","",INDEX(Tabelle2!$A$2:$B$74,MATCH(G63,Tabelle2!$B$2:$B$74,0),1))
A64: 5710 | B64: deutsch / bairisch | D64: Bairisch | T64: =IF(D64="","",INDEX(Tabelle2!$A$2:$B$74,MATCH(D64,Tabelle2!$B$2:$B$74,0),1)) -> WRLA-A523 | U64: =IF(E64="","",INDEX(Tabelle2!$A$2:$B$74,MATCH(E64,Tabelle2!$B$2:$B$74,0),1)) | V64: =IF(F64="","",INDEX(Tabelle2!$A$2:$B$74,MATCH(F64,Tabelle2!$B$2:$B$74,0),1)) | W64: =IF(G64="","",INDEX(Tabelle2!$A$2:$B$74,MATCH(G64,Tabelle2!$B$2:$B$74,0),1))
A65: 5710 | B65: deutsch / oberdeutsch | D65: Oberdeutsch | T65: =IF(D65="","",INDEX(Tabelle2!$A$2:$B$74,MATCH(D65,Tabelle2!$B$2:$B$74,0),1)) -> WRLA-A538 | U65: =IF(E65="","",INDEX(Tabelle2!$A$2:$B$74,MATCH(E65,Tabelle2!$B$2:$B$74,0),1)) | V65: =IF(F65="","",INDEX(Tabelle2!$A$2:$B$74,MATCH(F65,Tabelle2!$B$2:$B$74,0),1)) | W65: =IF(G65="","",INDEX(Tabelle2!$A$2:$B$74,MATCH(G65,Tabelle2!$B$2:$B$74,0),1))
... A68: 5710 | B68: deutsch (wohl südrheinfränkisch) | D68: Südrheinfränkisch | T68: =IF(D68="","",INDEX(Tabelle2!$A$2:$B$74,MATCH(D68,Tabelle2!$B$2:$B$74,0),1)) -> WRLA-A399 | U68: =IF(E68="","",INDEX(Tabelle2!$A$2:$B$74,MATCH(E68,Tabelle2!$B$2:$B$74,0),1)) | V68: =IF(F68="","",INDEX(Tabelle2!$A$2:$B$74,MATCH(F68,Tabelle2!$B$2:$B$74,0),1)) | W68: =IF(G68="","",INDEX(Tabelle2!$A$2:$B$74,MATCH(G68,Tabelle2!$B$2:$B$74,0),1))
A69: 5710 | B69: Die mittelniederdeutschen Lemmata repräsentieren einen Sprachstand zwischen "südöstlichem Westfälisch und südwestlichem Ostfälisch" (Vocabularius Ex quo 1, 98). | D69: Südwestfälisch | E69: Ostfälisch | T69: =IF(D69="","",INDEX(Tabelle2!$A$2:$B$74,MATCH(D69,Tabelle2!$B$2:$B$74,0),1)) -> WRLA-A243 | U69: =IF(E69="","",INDEX(Tabelle2!$A$2:$B$74,MATCH(E69,Tabelle2!$B$2:$B$74,0),1)) -> WRLA-A253 | V69: =IF(F69="","",INDEX(Tabelle2!$A$2:$B$74,MATCH(F69,Tabelle2!$B$2:$B$74,0),1)) | W69: =IF(G69="","",INDEX(Tabelle2!$A$2:$B$74,MATCH(G69,Tabelle2!$B$2:$B$74,0),1))
A70: 5710 | B70: elässisch | D70: Elsässisch | T70: =IF(D70="","",INDEX(Tabelle2!$A$2:$B$74,MATCH(D70,Tabelle2!$B$2:$B$74,0),1)) -> WRLA-A326 | U70: =IF(E70="","",INDEX(Tabelle2!$A$2:$B$74,MATCH(E70,Tabelle2!$B$2:$B$74,0),1)) | V70: =IF(F70="","",INDEX(Tabelle2!$A$2:$B$74,MATCH(F70,Tabelle2!$B$2:$B$74,0),1)) | W70: =IF(G70="","",INDEX(Tabelle2!$A$2:$B$74,MATCH(G70,Tabelle2!$B$2:$B$74,0),1))
A71: 5710 | B71: elbostfälisch | D71: Elbostfälisch | T71: =IF(D71="","",INDEX(Tabelle2!$A$2:$B$74,MATCH(D71,Tabelle2!$B$2:$B$74,0),1)) -> WRLA-A747 | U71: =IF(E71="","",INDEX(Tabelle2!$A$2:$B$74,MATCH(E71,Tabelle2!$B$2:$B$74,0),1)) | V71: =IF(F71="","",INDEX(Tabelle2!$A$2:$B$74,MATCH(F71,Tabelle2!$B$2:$B$74,0),1)) | W71: =IF(G71="","",INDEX(Tabelle2!$A$2:$B$74,MATCH(G71,Tabelle2!$B$2:$B$74,0),1))
A72: 5710 | B72: elsässisch | D72: Elsässisch | T72: =IF(D72="","",INDEX(Tabelle2!$A$2:$B$74,MATCH(D72,Tabelle2!$B$2:$B$74,0),1)) -> WRLA-A326 | U72: =IF(E72="","",INDEX(Tabelle2!$A$2:$B$74,MATCH(E72,Tabelle2!$B$2:$B$74,0),1)) | V72: =IF(F72="","",INDEX(Tabelle2!$A$2:$B$74,MATCH(F72,Tabelle2!$B$2:$B$74,0),1)) | W72: =IF(G72="","",INDEX(Tabelle2!$A$2:$B$74,MATCH(G72,Tabelle2!$B$2:$B$74,0),1))
A73: 5710 | B73: elsässisch-niederalemannisch mit schwäbischem Einschlag | D73: Elsässisch | E73: Schwäbisch | T73: =IF(D73="","",INDEX(Tabelle2!$A$2:$B$74,MATCH(D73,Tabelle2!$B$2:$B$74,0),1)) -> WRLA-A326 | U73: =IF(E73="","",INDEX(Tabelle2!$A$2:$B$74,MATCH(E73,Tabelle2!$B$2:$B$74,0),1)) -> WRLA-A273 | V73: =IF(F73="","",INDEX(Tabelle2!$A$2:$B$74,MATCH(F73,Tabelle2!$B$2:$B$74,0),1)) | W73: =IF(G73="","",INDEX(Tabelle2!$A$2:$B$74,MATCH(G73,Tabelle2!$B$2:$B$74,0),1))
A74: 5710 | B74: fränkisch | D74: Nordoberdeutsch | T74: =IF(D74="","",INDEX(Tabelle2!$A$2:$B$74,MATCH(D74,Tabelle2!$B$2:$B$74,0),1)) -> WRLA-A551 | U74: =IF(E74="","",INDEX(Tabelle2!$A$2:$B$74,MATCH(E74,Tabelle2!$B$2:$B$74,0),1)) | V74: =IF(F74="","",INDEX(Tabelle2!$A$2:$B$74,MATCH(F74,Tabelle2!$B$2:$B$74,0),1)) | W74: =IF(G74="","",INDEX(Tabelle2!$A$2:$B$74,MATCH(G74,Tabelle2!$B$2:$B$74,0),1))
A75: 5710 | B75: fränkisch-bairisch | D75: Nordoberdeutsch | E75: Bairisch | T75: =IF(D75="","",INDEX(Tabelle2!$A$2:$B$74,MATCH(D75,Tabelle2!$B$2:$B$74,0),1)) -> WRLA-A551 | U75: =IF(E75="","",INDEX(Tabelle2!$A$2:$B$74,MATCH(E75,Tabelle2!$B$2:$B$74,0),1)) -> WRLA-A523 | V75: =IF(F75="","",INDEX(Tabelle2!$A$2:$B$74,MATCH(F75,Tabelle2!$B$2:$B$74,0),1)) | W75: =IF(G75="","",INDEX(Tabelle2!$A$2:$B$74,MATCH(G75,Tabelle2!$B$2:$B$74,0),1))
A76: 5710 | B76: friesisch | D76: Nordniederdeutsch | T76: =IF(D76="","",INDEX(Tabelle2!$A$2:$B$74,MATCH(D76,Tabelle2!$B$2:$B$74,0),1)) -> WRLA-A496 | U76: =IF(E76="","",INDEX(Tabelle2!$A$2:$B$74,MATCH(E76,Tabelle2!$B$2:$B$74,0),1)) | V76: =IF(F76="","",INDEX(Tabelle2!$A$2:$B$74,MATCH(F76,Tabelle2!$B$2:$B$74,0),1)) | W76: =IF(G76="","",INDEX(Tabelle2!$A$2:$B$74,MATCH(G76,Tabelle2!$B$2:$B$74,0),1))
A77: 5710 | B77: Für die Mundart bemerkenswert o statt a, z. B. nohesten, statt ou: vroden, statt u: ont usw., wohl mitteldeutsch | D77: Mitteldeutsch | T77: =IF(D77="","",INDEX(Tabelle2!$A$2:$B$74,MATCH(D77,Tabelle2!$B$2:$B$74,0),1)) -> WRLA-A129 | U77: =IF(E77="","",INDEX(Tabelle2!$A$2:$B$74,MATCH(E77,Tabelle2!$B$2:$B$74,0),1)) | V77: =IF(F77="","",INDEX(Tabelle2!$A$2:$B$74,MATCH(F77,Tabelle2!$B$2:$B$74,0),1)) | W77: =IF(G77="","",INDEX(Tabelle2!$A$2:$B$74,MATCH(G77,Tabelle2!$B$2:$B$74,0),1))
A78: 5710 | B78: Grundtext der Disticha Catonis lateinisch, Schreibsprache mittelniederdeutsch (ostfälisch) mit einzelnen oberdeutschen Worten (Baldzuhn, Schulbücher im Trivium des Mittelalters (siehe oben), Bd. 1, 169). | D78: Ostfälisch | T78: =IF(D78="","",INDEX(Tabelle2!$A$2:$B$74,MATCH(D78,Tabelle2!$B$2:$B$74,0),1)) -> WRLA-A253 | U78: =IF(E78="","",INDEX(Tabelle2!$A$2:$B$74,MATCH(E78,Tabelle2!$B$2:$B$74,0),1)) | V78: =IF(F78="","",INDEX(Tabelle2!$A$2:$B$74,MATCH(F78,Tabelle2!$B$2:$B$74,0),1)) | W78: =IF(G78="","",INDEX(Tabelle2!$A$2:$B$74,MATCH(G78,Tabelle2!$B$2:$B$74,0),1))
A79: 5710 | B79: Halberstädter Platt | D79: Niederdeutsch | T79: =IF(D79="","",INDEX(Tabelle2!$A$2:$B$74,MATCH(D79,Tabelle2!$B$2:$B$74,0),1)) -> WRLA-A683 | U79: =IF(E79="","",INDEX(Tabelle2!$A$2:$B$74,MATCH(E79,Tabelle2!$B$2:$B$74,0),1)) | V79: =IF(F79="","",INDEX(Tabelle2!$A$2:$B$74,MATCH(F79,Tabelle2!$B$2:$B$74,0),1)) | W79: =IF(G79="","",INDEX(Tabelle2!$A$2:$B$74,MATCH(G79,Tabelle2!$B$2:$B$74,0),1))
A80: 5710 | B80: Hand I.: schwäbisch-ostfränkisch mit bairisch-österreichischen Schreibeigentümlichkeiten (nach Kratochwill, Michel Beheim, 1977 [vgl. Tabelle S. 112f.] Beheim-Schreibvariante I-III); | D80: Schwäbisch | E80: Ostfränkisch | F80: Mittel-/Südbairisch | T80: =IF(D80="","",INDEX(Tabelle2!$A$2:$B$74,MATCH(D80,Tabelle2!$B$2:$B$74,0),1)) -> WRLA-A273 | U80: =IF(E80="","",INDEX(Tabelle2!$A$2:$B$74,MATCH(E80,Tabelle2!$B$2:$B$74,0),1)) -> WRLA-A139 | V80: =IF(F80="","",INDEX(Tabelle2!$A$2:$B$74,MATCH(F80,Tabelle2!$B$2:$B$74,0),1)) -> WRLA-A928 | W80: =IF(G80="","",INDEX(Tabelle2!$A$2:$B$74,MATCH(G80,Tabelle2!$B$2:$B$74,0),1))
A81: 5710 | B81: Hand II.: bairisch. | D81: Bairisch | T81: =IF(D81="","",INDEX(Tabelle2!$A$2:$B$74,MATCH(D81,Tabelle2!$B$2:$B$74,0),1)) -> WRLA-A523 | U81: =IF(E81="","",INDEX(Tabelle2!$A$2:$B$74,MATCH(E81,Tabelle2!$B$2:$B$74,0),1)) | V81: =IF(F81="","",INDEX(Tabelle2!$A$2:$B$74,MATCH(F81,Tabelle2!$B$2:$B$74,0),1)) | W81: =IF(G81="","",INDEX(Tabelle2!$A$2:$B$74,MATCH(G81,Tabelle2!$B$2:$B$74,0),1))
A82: 5710 | B82: hessisch | D82: Hessisch | T82: =IF(D82="","",INDEX(Tabelle2!$A$2:$B$74,MATCH(D82,Tabelle2!$B$2:$B$74,0),1)) -> WRLA-A845 | U82: =IF(E82="","",INDEX(Tabelle2!$A$2:$B$74,MATCH(E82,Tabelle2!$B$2:$B$74,0),1)) | V82: =IF(F82="","",INDEX(Tabelle2!$A$2:$B$74,MATCH(F82,Tabelle2!$B$2:$B$74,0),1)) | W82: =IF(G82="","",INDEX(Tabelle2!$A$2:$B$74,MATCH(G82,Tabelle2!$B$2:$B$74,0),1))
A83: 5710 | B83: Hessisch | D83: Hessisch | T83: =IF(D83="","",INDEX(Tabelle2!$A$2:$B$74,MATCH(D83,Tabelle2!$B$2:$B$74,0),1)) -> WRLA-A845 | U83: =IF(E83="","",INDEX(Tabelle2!$A$2:$B$74,MATCH(E83,Tabelle2!$B$2:$B$74,0),1)) | V83: =IF(F83="","",INDEX(Tabelle2!$A$2:$B$74,MATCH(F83,Tabelle2!$B$2:$B$74,0),1)) | W83: =IF(G83="","",INDEX(Tabelle2!$A$2:$B$74,MATCH(G83,Tabelle2!$B$2:$B$74,0),1))
A84: 5710 | B84: hessisch mit einigen mittelfränkischen, rheinfränkischen und bairischen Formen. | D84: Hessisch | E84: Mittelfränkisch | F84: Rheinfränkisch | G84: Bairisch | T84: =IF(D84="","",INDEX(Tabelle2!$A$2:$B$74,MATCH(D84,Tabelle2!$B$2:$B$74,0),1)) -> WRLA-A845 | U84: =IF(E84="","",INDEX(Tabelle2!$A$2:$B$74,MATCH(E84,Tabelle2!$B$2:$B$74,0),1)) -> WRLA-A851 | V84: =IF(F84="","",INDEX(Tabelle2!$A$2:$B$74,MATCH(F84,Tabelle2!$B$2:$B$74,0),1)) -> WRLA-A207 | W84: =IF(G84="","",INDEX(Tabelle2!$A$2:$B$74,MATCH(G84,Tabelle2!$B$2:$B$74,0),1)) -> WRLA-A523
A85: 5710 | B85: hessisch mit thüringischen Einflüssen (Vorlage?) | D85: Hessisch | E85: Thüringisch | T85: =IF(D85="","",INDEX(Tabelle2!$A$2:$B$74,MATCH(D85,Tabelle2!$B$2:$B$74,0),1)) -> WRLA-A845 | U85: =IF(E85="","",INDEX(Tabelle2!$A$2:$B$74,MATCH(E85,Tabelle2!$B$2:$B$74,0),1)) -> WRLA-A869 | V85: =IF(F85="","",INDEX(Tabelle2!$A$2:$B$74,MATCH(F85,Tabelle2!$B$2:$B$74,0),1)) | W85: =IF(G85="","",INDEX(Tabelle2!$A$2:$B$74,MATCH(G85,Tabelle2!$B$2:$B$74,0),1))
A86: 5710 | B86: hessisch-thüringisch | D86: Hessisch | E86: Thüringisch | T86: =IF(D86="","",INDEX(Tabelle2!$A$2:$B$74,MATCH(D86,Tabelle2!$B$2:$B$74,0),1)) -> WRLA-A845 | U86: =IF(E86="","",INDEX(Tabelle2!$A$2:$B$74,MATCH(E86,Tabelle2!$B$2:$B$74,0),1)) -> WRLA-A869 | V86: =IF(F86="","",INDEX(Tabelle2!$A$2:$B$74,MATCH(F86,Tabelle2!$B$2:$B$74,0),1)) | W86: =IF(G86="","",INDEX(Tabelle2!$A$2:$B$74,MATCH(G86,Tabelle2!$B$2:$B$74,0),1))
A87: 5710 | B87: hessisch-thüringisch mit einigen spezifisch mittelfränkischen Formen | D87: Hessisch | E87: Thüringisch | F87: Mittelfränkisch | T87: =IF(D87="","",INDEX(Tabelle2!$A$2:$B$74,MATCH(D87,Tabelle2!$B$2:$B$74,0),1)) -> WRLA-A845 | U87: =IF(E87="","",INDEX(Tabelle2!$A$2:$B$74,MATCH(E87,Tabelle2!$B$2:$B$74,0),1)) -> WRLA-A869 | V87: =IF(F87="","",INDEX(Tabelle2!$A$2:$B$74,MATCH(F87,Tabelle2!$B$2:$B$74,0),1)) -> WRLA-A851 | W87: =IF(G87="","",INDEX(Tabelle2!$A$2:$B$74,MATCH(G87,Tabelle2!$B$2:$B$74,0),1))
A88: 5710 | B88: hochalemannisch | D88: Hochalemannisch | T88: =IF(D88="","",INDEX(Tabelle2!$A$2:$B$74,MATCH(D88,Tabelle2!$B$2:$B$74,0),1)) -> WRLA-A966 | U88: =IF(E88="","",INDEX(Tabelle2!$A$2:$B$74,MATCH(E88,Tabelle2!$B$2:$B$74,0),1)) | V88: =IF(F88="","",INDEX(Tabelle2!$A$2:$B$74,MATCH(F88,Tabelle2!$B$2:$B$74,0),1)) | W88: =IF(G88="","",INDEX(Tabelle2!$A$2:$B$74,MATCH(G88,Tabelle2!$B$2:$B$74,0),1))
A89: 5710 | B89: hochdeutsch | D89: Hochdeutsch | T89: =IF(D89="","",INDEX(Tabelle2!$A$2:$B$74,MATCH(D89,Tabelle2!$B$2:$B$74,0),1)) -> WRLA-A506 | U89: =IF(E89="","",INDEX(Tabelle2!$A$2:$B$74,MATCH(E89,Tabelle2!$B$2:$B$74,0),1)) | V89: =IF(F89="","",INDEX(Tabelle2!$A$2:$B$74,MATCH(F89,Tabelle2!$B$2:$B$74,0),1)) | W89: =IF(G89="","",INDEX(Tabelle2!$A$2:$B$74,MATCH(G89,Tabelle2!$B$2:$B$74,0),1))
A90: 5710 | B90: Hochdeutsch | D90: Hochdeutsch | T90: =IF(D90="","",INDEX(Tabelle2!$A$2:$B$74,MATCH(D90,Tabelle2!$B$2:$B$74,0),1)) -> WRLA-A506 | U90: =IF(E90="","",INDEX(Tabelle2!$A$2:$B$74,MATCH(E90,Tabelle2!$B$2:$B$74,0),1)) | V90: =IF(F90="","",INDEX(Tabelle2!$A$2:$B$74,MATCH(F90,Tabelle2!$B$2:$B$74,0),1)) | W90: =IF(G90="","",INDEX(Tabelle2!$A$2:$B$74,MATCH(G90,Tabelle2!$B$2:$B$74,0),1))
A91: 5710 | B91: hochdeutsch, undifferenziert | D91: Hochdeutsch | T91: =IF(D91="","",INDEX(Tabelle2!$A$2:$B$74,MATCH(D91,Tabelle2!$B$2:$B$74,0),1)) -> WRLA-A506 | U91: =IF(E91="","",INDEX(Tabelle2!$A$2:$B$74,MATCH(E91,Tabelle2!$B$2:$B$74,0),1)) | V91: =IF(F91="","",INDEX(Tabelle2!$A$2:$B$74,MATCH(F91,Tabelle2!$B$2:$B$74,0),1)) | W91: =IF(G91="","",INDEX(Tabelle2!$A$2:$B$74,MATCH(G91,Tabelle2!$B$2:$B$74,0),1))
A92: 5710 | B92: hochdeutsch. | D92: Hochdeutsch | T92: =IF(D92="","",INDEX(Tabelle2!$A$2:$B$74,MATCH(D92,Tabelle2!$B$2:$B$74,0),1)) -> WRLA-A506 | U92: =IF(E92="","",INDEX(Tabelle2!$A$2:$B$74,MATCH(E92,Tabelle2!$B$2:$B$74,0),1)) | V92: =IF(F92="","",INDEX(Tabelle2!$A$2:$B$74,MATCH(F92,Tabelle2!$B$2:$B$74,0),1)) | W92: =IF(G92="","",INDEX(Tabelle2!$A$2:$B$74,MATCH(G92,Tabelle2!$B$2:$B$74,0),1))
A93: 5710 | B93: hochdeutsch (Bl. 9--33r), ripuarisch und lateinisch. | D93: Hochdeutsch | E93: Ripuarisch | T93: =IF(D93="","",INDEX(Tabelle2!$A$2:$B$74,MATCH(D93,Tabelle2!$B$2:$B$74,0),1)) -> WRLA-A506 | U93: =IF(E93="","",INDEX(Tabelle2!$A$2:$B$74,MATCH(E93,Tabelle2!$B$2:$B$74,0),1)) -> WRLA-A497 | V93: =IF(F93="","",INDEX(Tabelle2!$A$2:$B$74,MATCH(F93,Tabelle2!$B$2:$B$74,0),1)) | W93: =IF(G93="","",INDEX(Tabelle2!$A$2:$B$74,MATCH(G93,Tabelle2!$B$2:$B$74,0),1))
A94: 5710 | B94: Hochdeutschen | D94: Hochdeutsch | T94: =IF(D94="","",INDEX(Tabelle2!$A$2:$B$74,MATCH(D94,Tabelle2!$B$2:$B$74,0),1)) -> WRLA-A506 | U94: =IF(E94="","",INDEX(Tabelle2!$A$2:$B$74,MATCH(E94,Tabelle2!$B$2:$B$74,0),1)) | V94: =IF(F94="","",INDEX(Tabelle2!$A$2:$B$74,MATCH(F94,Tabelle2!$B$2:$B$74,0),1)) | W94: =IF(G94="","",INDEX(Tabelle2!$A$2:$B$74,MATCH(G94,Tabelle2!$B$2:$B$74,0),1))
A95: 5710 | B95: Hochdeutsche Schriftsprache der Zeit und lateinische Sprache | D95: Hochdeutsch | T95: =IF(D95="","",INDEX(Tabelle2!$A$2:$B$74,MATCH(D95,Tabelle2!$B$2:$B$74,0),1)) -> WRLA-A506 | U95: =IF(E95="","",INDEX(Tabelle2!$A$2:$B$74,MATCH(E95,Tabelle2!$B$2:$B$74,0),1)) | V95: =IF(F95="","",INDEX(Tabelle2!$A$2:$B$74,MATCH(F95,Tabelle2!$B$2:$B$74,0),1)) | W95: =IF(G95="","",INDEX(Tabelle2!$A$2:$B$74,MATCH(G95,Tabelle2!$B$2:$B$74,0),1))
A96: 5710 | B96: Hochdeutsche Sprache. | D96: Hochdeutsch | T96: =IF(D96="","",INDEX(Tabelle2!$A$2:$B$74,MATCH(D96,Tabelle2!$B$2:$B$74,0),1)) -> WRLA-A506 | U96: =IF(E96="","",INDEX(Tabelle2!$A$2:$B$74,MATCH(E96,Tabelle2!$B$2:$B$74,0),1)) | V96: =IF(F96="","",INDEX(Tabelle2!$A$2:$B$74,MATCH(F96,Tabelle2!$B$2:$B$74,0),1)) | W96: =IF(G96="","",INDEX(Tabelle2!$A$2:$B$74,MATCH(G96,Tabelle2!$B$2:$B$74,0),1))
A97: 5710 | B97: hochdeutsch mit (Hand I: wenigen) spezifisch mitteldeutschen Formen. | D97: Hochdeutsch | E97: Mitteldeutsch | T97: =IF(D97="","",INDEX(Tabelle2!$A$2:$B$74,MATCH(D97,Tabelle2!$B$2:$B$74,0),1)) -> WRLA-A506 | U97: =IF(E97="","",INDEX(Tabelle2!$A$2:$B$74,MATCH(E97,Tabelle2!$B$2:$B$74,0),1)) -> WRLA-A129 | V97: =IF(F97="","",INDEX(Tabelle2!$A$2:$B$74,MATCH(F97,Tabelle2!$B$2:$B$74,0),1)) | W97: =IF(G97="","",INDEX(Tabelle2!$A$2:$B$74,MATCH(G97,Tabelle2!$B$2:$B$74,0),1))
A98: 5710 | B98: hochdeutsch mit (III.a.: wenigen) spezifisch mitteldeutschen Formen. | D98: Hochdeutsch | E98: Mitteldeutsch | T98: =IF(D98="","",INDEX(Tabelle2!$A$2:$B$74,MATCH(D98,Tabelle2!$B$2:$B$74,0),1)) -> WRLA-A506 | U98: =IF(E98="","",INDEX(Tabelle2!$A$2:$B$74,MATCH(E98,Tabelle2!$B$2:$B$74,0),1)) -> WRLA-A129 | V98: =IF(F98="","",INDEX(Tabelle2!$A$2:$B$74,MATCH(F98,Tabelle2!$B$2:$B$74,0),1)) | W98: =IF(G98="","",INDEX(Tabelle2!$A$2:$B$74,MATCH(G98,Tabelle2!$B$2:$B$74,0),1))
A99: 5710 | B99: hochdeutsch mit bairischen Formen | D99: Hochdeutsch | E99: Bairisch | T99: =IF(D99="","",INDEX(Tabelle2!$A$2:$B$74,MATCH(D99,Tabelle2!$B$2:$B$74,0),1)) -> WRLA-A506 | U99: =IF(E99="","",INDEX(Tabelle2!$A$2:$B$74,MATCH(E99,Tabelle2!$B$2:$B$74,0),1)) -> WRLA-A523 | V99: =IF(F99="","",INDEX(Tabelle2!$A$2:$B$74,MATCH(F99,Tabelle2!$B$2:$B$74,0),1)) | W99: =IF(G99="","",INDEX(Tabelle2!$A$2:$B$74,MATCH(G99,Tabelle2!$B$2:$B$74,0),1))
A100: 5710 | B100: hochdeutsch mit bairischen Schreibeigentümlichkeiten | D100: Hochdeutsch | E100: Bairisch | T100: =IF(D100="","",INDEX(Tabelle2!$A$2:$B$74,MATCH(D100,Tabelle2!$B$2:$B$74,0),1)) -> WRLA-A506 | U100: =IF(E100="","",INDEX(Tabelle2!$A$2:$B$74,MATCH(E100,Tabelle2!$B$2:$B$74,0),1)) -> WRLA-A523 | V100: =IF(F100="","",INDEX(Tabelle2!$A$2:$B$74,MATCH(F100,Tabelle2!$B$2:$B$74,0),1)) | W100: =IF(G100="","",INDEX(Tabelle2!$A$2:$B$74,MATCH(G100,Tabelle2!$B$2:$B$74,0),1))
A101: 5710 | B101: hochdeutsch mit bairischen und wenigen | D101: Hochdeutsch | E101: Bairisch | T101: =IF(D101="","",INDEX(Tabelle2!$A$2:$B$74,MATCH(D101,Tabelle2!$B$2:$B$74,0),1)) -> WRLA-A506 | U101: =IF(E101="","",INDEX(Tabelle2!$A$2:$B$74,MATCH(E101,Tabelle2!$B$2:$B$74,0),1)) -> WRLA-A523 | V101: =IF(F101="","",INDEX(Tabelle2!$A$2:$B$74,MATCH(F101,Tabelle2!$B$2:$B$74,0),1)) | W101: =IF(G101="","",INDEX(Tabelle2!$A$2:$B$74,MATCH(G101,Tabelle2!$B$2:$B$74,0),1))
A102: 5710 | B102: hochdeutsch mit - bei Schreiber I. weniger häufigen - | D102: Hochdeutsch | T102: =IF(D102="","",INDEX(Tabelle2!$A$2:$B$74,MATCH(D102,Tabelle2!$B$2:$B$74,0),1)) -> WRLA-A506 | U102: =IF(E102="","",INDEX(Tabelle2!$A$2:$B$74,MATCH(E102,Tabelle2!$B$2:$B$74,0),1)) | V102: =IF(F102="","",INDEX(Tabelle2!$A$2:$B$74,MATCH(F102,Tabelle2!$B$2:$B$74,0),1)) | W102: =IF(G102="","",INDEX(Tabelle2!$A$2:$B$74,MATCH(G102,Tabelle2!$B$2:$B$74,0),1))
...

Sheet Tabelle2
A1: Notation | B1: Label
A2: WRLA-A506 | B2: Hochdeutsch
A3: WRLA-A538 | B3: Oberdeutsch
A4: WRLA-A317 | B4: Alemannisch
A5: WRLA-A273 | B5: Schwäbisch
A6: WRLA-A689 | B6: Westschwäbisch
A7: WRLA-A214 | B7: Zentralschwäbisch
A8: WRLA-A960 | B8: Südschwäbisch
A9: WRLA-A482 | B9: Ostschwäbisch
A10: WRLA-A638 | B10: Augsburgisch
A11: WRLA-A848 | B11: Bodenseealemannisch
A12: WRLA-A352 | B12: Oberrheinisch
... A71: WRLA-A349 | B71: Südmärkisch
